"","paths"
"1","4A0,2B0"
"2","4C0,4D1"
"3","4E0"
"4","4F1"
"5","4G0,3H1"
"6","4I1,4J1"
"7","4K0"
"8","4L1"
"9","4M0,4N1"
"10","4O1"
"11","4P0"
"12","4Q1"
"13","4R1"
"14","4S0,5T1"
"15","4U1,3V1"
"16","4W0"
"17","4X0"
"18","4Y1"
"19","4Z0,4AB0"
"20","4AC1,3AD0"
"21","4AE1"
"22","4AF0"
"23","4AG1,2AH1"
"24","4AI1,1AJ1"
"25","4AK1,1AL1"
"26","4W1"
"27","4AM0,4AN0"
"28","4AO0,3AP0"
"29","4AQ0,1AR1"
"30","4AS1"
"31","4AK0"
"32","4AT1"
"33","4AU0,4AV0"
"34","4AW1"
"35","4AX1"
"36","4AY1"
"37","4AZ1"
"38","4BC1"
"39","4BD1"
"40","4BE0"
"41","4BF0,1BG1"
"42","4BH0"
"43","4BE0"
"44","4BI1"
"45","4X1"
"46","4BJ0,1BK1,1BL1"
"47","4BM1"
"48","4BN1"
"49","4BO1"
"50","4BP0,1BQ1"
"51","4BR1,1BS1"
"52","4BT1,1BU1"
"53","4BV0"
"54","4BW0,2BX0"
"55","4BY0"
"56","4BZ1"
"57","4CD1"
"58","4CE1,1CF1"
"59","4CG0"
"60","4CH0"
"61","4BO0,3CI0"
"62","4CJ1"
"63","4CK0,4CL0"
"64","4CM0"
"65","4CN0,3CO0"
"66","4CP0"
"67","4CQ1,3CR0"
"68","4CS1"
"69","4CT0,4CU0,3CV0"
"70","4CW0,4CX1"
"71","4AT0,4CY0"
"72","4CZ0,1DE0"
"73","4AU1,1DF1"
"74","4BO1"
"75","4DG1,3DH1"
"76","4DI0"
"77","4DJ0"
"78","4DK1"
"79","4DL0,4DM0"
"80","4DN1,2DO0"
"81","4CP0"
"82","4DP1"
"83","4DQ1"
"84","4AG0"
"85","4CW0,3DR1"
"86","4DS1"
"87","4DT0,3DU0,3DV1"
"88","4AW1"
"89","4DW1"
"90","4DX1,3DY1"
"91","4AM0,3DZ0"
"92","4EF1"
"93","4EG1"
"94","4EH1,1EI1"
"95","4EJ0,3EK0"
"96","4EL1"
"97","4EM0"
"98","4EN0,3EO1"
"99","4EP1"
"100","4EQ1,2ER0"
"101","4ES1"
"102","4ET1"
"103","4EU0"
"104","4EV0"
"105","4EW1"
"106","4EX1"
"107","4EY0"
"108","4DN1,2EZ0"
"109","4FG1,2FH0"
"110","4FI0,1FJ1"
"111","4FK1,1FL1"
"112","4FM0,4FN0"
"113","4FO1,4FP1"
"114","4FQ0"
"115","4AM0,5FR1"
"116","4FS1,4FT1"
"117","4FU0"
"118","4AF0"
"119","4FV0,1FW1"
"120","4EU1"
"121","4FX0,1FY0"
"122","4CS1"
"123","4FZ1,2GH0"
"124","4GI0"
"125","4GJ0,3GK1"
"126","4GL0,2GM1"
"127","4GN1,3GO0"
"128","4GP0,3GQ1,3GR0"
"129","4FI1"
"130","4GS1"
"131","4AU0"
"132","4GT1"
"133","4GU0"
"134","4GV1"
"135","4GW1"
"136","4AI1"
"137","4GX0"
"138","4GY0,1GZ1"
"139","4HI1"
"140","4HJ0,3HK1"
"141","4BD1"
"142","4HL0,2HM1"
"143","4HN0,4HO1"
"144","4HP1"
"145","4EG0,3HQ1"
"146","4HR0,4CP0"
"147","4HS0,4HT0"
"148","4EM0"
"149","4DQ0,3HU0"
"150","4HV1"
"151","4HW1"
"152","4HX1"
"153","4HY0"
"154","4HZ1"
"155","4IJ1"
"156","4IK1"
"157","4IL0"
"158","4IM1,3IN0"
"159","4I0"
"160","4IO0,4IP1"
"161","4IQ1"
"162","4IR1"
"163","4IS1"
"164","4IT0"
"165","4AU0,3IU0"
"166","4IV0,1IW0"
"167","4IX0"
"168","4IY0,3IZ1"
"169","4JK1"
"170","4EF0,1JL0"
"171","4JM0,4JN0"
"172","4JO1,1JP1"
"173","4JQ1,2JR0"
"174","4JS0"
"175","4JT0,5JU1"
"176","4JV0"
"177","4JW0"
"178","4JX1"
"179","4JY1"
"180","4JZ1,1KL0"
"181","4KM0,4KN0"
"182","4ET1,1KO1"
"183","4KP1"
"184","4KQ1"
"185","4KR1,4KS1"
"186","4KT1"
"187","4KU1"
"188","4KV0"
"189","4KW1,1KX1"
"190","4IT0,3KY0"
"191","5KZ0"
"192","4LM1"
"193","4LN1,2LO0,3LP0"
"194","4LQ1"
"195","4LR1"
"196","4LS1"
"197","4LT0"
"198","4LU1,1LV1"
"199","4LW1"
"200","4LX0,4LY1"
"201","4LZ0"
"202","4MN1"
"203","4MO0,2MP0"
"204","4MQ0"
"205","4MR1"
"206","4MS1"
"207","4MT1"
"208","4MU1"
"209","4MV0,2MW0"
"210","4MX1"
"211","4MY0,4MZ1"
"212","4NO1,4NP1"
"213","4NQ1,1NR1"
"214","4NS0,2NT1,3NU0"
"215","4NV0,4NW0"
"216","4NX1"
"217","4NY0,4NZ0"
"218","4OP0"
"219","4DT0,3OQ0,1OR0"
"220","4OS1"
"221","4FZ1"
"222","4OT1"
"223","4OU0,3OV1"
"224","4AI1"
"225","4CE0"
"226","4OW1"
"227","4OX0"
"228","4OY1"
"229","4OZ0"
"230","4PQ0,4PR0"
"231","4PS0"
"232","4PT1,4PU1"
"233","4PV0,3PW0"
"234","4OU1"
"235","4DN1"
"236","4PX0"
"237","4PY0,4PZ0"
"238","4QR0"
"239","4CP0"
"240","4QS1"
"241","4ET1"
"242","4QT1,1QU1"
"243","4KM1"
"244","4S0"
"245","4QV0"
"246","4QW1,2QX0"
"247","4QY1"
"248","4CD0,4QZ1"
"249","4RS1"
"250","4RT0,4RU0"
"251","4PS1"
"252","4RV1"
"253","4RW1"
"254","4RX0"
"255","4X0,5RY1"
"256","4RZ0"
"257","4ST1"
"258","4SU0,3SV0"
"259","4ES0"
"260","4SW1"
"261","4AE1"
"262","4CD0,1SX1"
"263","4OZ1"
"264","4SY0,1SZ0"
"265","4TU0"
"266","4SW1"
"267","4TV0"
"268","4MS1"
"269","4TW1"
"270","4TX1"
"271","4TY1,1TZ1"
"272","4UV1"
"273","4RW1,2UW0"
"274","4UX0,4UY0"
"275","4UZ0"
"276","4VW1"
"277","4VX1,1VY0"
"278","4AU0"
"279","4VZ0,4WX0"
"280","4EG0,4WY0"
"281","4WZ0,4BR0"
"282","4AU0,4XY0"
"283","4XZ1"
"284","4FM0"
"285","4YZ0"
"286","4ABC0"
"287","4ABD1"
"288","4ABE0,4ABF0"
"289","4OS0,2ABG1"
"290","4ABH1"
"291","4ABI1,2ABJ0"
"292","4ABK0,1ABL1,1ABM0"
"293","4FX0,4ABN1"
"294","4ABO0,2ABP0"
"295","4ABQ0"
"296","4ABR0,4ABS0"
"297","4ABT0,4ABU0"
"298","4ES0"
"299","4KM1,2ABV0"
"300","4HX0,1ABW1"
"301","4ABX1"
"302","4EL1"
"303","4ABY0"
"304","4DS1"
"305","4GL0,4ABZ0"
"306","4ACD1,4ACE1"
"307","4ACF0,4JO0"
"308","4ACG1"
"309","5ACH0,2ACI1"
"310","4ACJ1,2ACK0"
"311","4PY1"
"312","4ACF0"
"313","4DP1"
"314","4ACL0,4ACM0"
"315","4ACN1"
"316","4EL0,1ACO0"
"317","4ACP1"
"318","4ACQ1"
"319","4ACR0"
"320","4CT1"
"321","4ACS1"
"322","4GN0"
"323","4ACT0,3ACU0"
"324","4ACV0"
"325","4ACW0"
"326","4ACX1"
"327","4ACY1"
"328","4ACZ1,1ADE1"
"329","4ADF0"
"330","4SW1"
"331","4ADG0"
"332","4ADH1"
"333","4MV1,1ADI1"
"334","4LQ0,4ADJ0"
"335","4ADK0"
"336","4ADL1"
"337","4ADM0"
"338","4BO1"
"339","4ADN1"
"340","4CZ1"
"341","4ADO0,3ADP1,3ADQ0"
"342","4ADR1"
"343","4ADS1"
"344","4ADT1,1ADU1"
"345","4ADV0,4ADW0"
"346","4ES0"
"347","4ADX1"
"348","4ADY0,3ADZ0"
"349","4AEF1,4AEG1"
"350","4AEH0,3AEI0"
"351","4CZ1,2AEJ0"
"352","4AEK0,3AEL0"
"353","4AEM1,4AEN1"
"354","4AEO1,3AEP1"
"355","4FK0,4AEQ0"
"356","4AER0,2AES0"
"357","4AET1"
"358","4AEU1,1AEV1"
"359","4AEW1"
"360","4IL1"
"361","4AEX0,4EY0"
"362","4GJ0,3AEY0"
"363","4AEZ0,2AFG0"
"364","4AFH0,1AFI0"
"365","4DX0"
"366","4GL1"
"367","4FZ1,1AFJ1"
"368","4AFK0"
"369","4AFL0"
"370","4AFM0,4AFN0"
"371","4AFO1"
"372","4AFP0,4AFQ0"
"373","4AFR0"
"374","4AEM0,4AFS0"
"375","4AFT1"
"376","4AFU1,1AFV1"
"377","4BC1"
"378","4CD0"
"379","4IL1"
"380","4GV0"
"381","4AFW0,4AFX0"
"382","4AFY1"
"383","4KN0"
"384","4AFZ0,2AGH0"
"385","4AGI0,4VX0"
"386","4AGJ1"
"387","4BY0,2AGK1"
"388","4AGL1,3AGM0"
"389","4AGN1,3AGO0,4AGP0"
"390","4AGQ1"
"391","4HZ0,3AGR1"
"392","4AU0"
"393","4AGS0"
"394","4QW0"
"395","4AGT1,1AGU1,5AGV0"
"396","4ABT1"
"397","4AGW1,2AGX0"
"398","4AGY0,1AGZ1"
"399","4DX0"
"400","4AHI0"
"401","4AHJ0,4AHK0"
"402","4AHL0,4AHM0"
"403","4AHN0,1AHO0"
"404","4ADK0"
"405","4AHP0"
"406","4AE0,4AHQ0"
"407","4AHR1"
"408","4AHS0"
"409","4BN0,3AHT0"
"410","4BJ1"
"411","4CN0,1AHU0"
"412","4AW0,2AHV1"
"413","4AEM1"
"414","4G0"
"415","4EF0,1AHW0"
"416","4PV1"
"417","4AHX0"
"418","4AHY1"
"419","4CS0,4AHZ0"
"420","4DN1"
"421","4AIJ1,2AIK0"
"422","4AIL0,4AIM0,3AIN0"
"423","4AIO1"
"424","4CW0,2AIP0"
"425","4GT0,1AIQ0"
"426","4IL0"
"427","4AIR1"
"428","4AIS0,2AIT0"
"429","4IL1"
"430","4AIU0"
"431","4CK1,3AIV1"
"432","4AIW0"
"433","4AIX0"
"434","4AIY1"
"435","4AIZ0"
"436","4DK1"
"437","4AJK0,4AJL0"
"438","4IR0,1AJM0"
"439","4AJN0,4AJO0"
"440","4AJP0,5AJQ1,1AJR0"
"441","4AJS1"
"442","4AJT0"
"443","4AJU0,4AJV1"
"444","4AJW1"
"445","4AJX1"
"446","4AJY1,4LW1"
"447","4AJZ1,4AKL1"
"448","4AKM1,4AKN1"
"449","4AKO1,2AKP0"
"450","4AKQ1,1AKR1"
"451","4AKS1,1AKT1,5AKU0"
"452","4ADS1"
"453","5AKV0,1AKW1"
"454","4AKX1"
"455","4AKY0"
"456","4AKZ0,2ALM0"
"457","4AB0,3ALN0"
"458","4ALO0"
"459","4LQ1"
"460","4HN1"
"461","4ALP1"
"462","4ALQ1"
"463","4HN0,2ALR0"
"464","4ALS1"
"465","4ALT1"
"466","4ALU0,4ALV0"
"467","4FX0,3ALW0"
"468","4JQ0,1ALX1"
"469","4KM1"
"470","4CU0"
"471","4JK1"
"472","4ALY1"
"473","4ALZ0,3AMN0"
"474","4AMO1,2AMP0"
"475","4CN0"
"476","4AMQ0"
"477","4HZ0,2AMR0"
"478","4GT0,1AMS1,3AMT0"
"479","4MV0,4AMU0"
"480","4AMV1"
"481","4AGW1"
"482","4AFK0"
"483","4AMW1"
"484","4AMX1"
"485","4AIO1"
"486","4AFP0,3AMY1"
"487","4AHZ1,2AMZ0"
"488","4AEU0"
"489","4ANO1"
"490","4ANP1"
"491","4CS0,4ANQ0"
"492","4ANR1"
"493","4ANS1"
"494","4CQ0"
"495","4UV0"
"496","4ANT0,4ANU0"
"497","1ANV0"
"498","4MS1,1ANW1"
"499","4DT1"
"500","4ANX1"
