"original","perturbed"
"7A0,14B0,8A0","7P0,14AD1"
"11C0,13D0","11C1"
"6E0,4F0","6E0,4Q1"
"7G0,12H0,2I0,7G0","7G0,12H0,2I0,7G0"
"7J0,4K0,13L0","7J0,4I0,13L1,13BN1"
"8M0,11N0","8AP0,11N1"
"11O0,8A0,7P0","11O1"
"6Q1,7I1,1R0","6Q1,7AP0,4F0,11GU0,8E0,7AP1,1CQ1"
"11S1","11S1"
"11T1","11T1"
"13U1","13U1"
"9A1","9A1"
"6I0,11V0","6AP0,11V1"
"1W0,2I0","1W1,7AM1,3AEY0,7AM0"
"7X0,2I0,14Y0,11Z0,7X0","7G0,2Q0,14BS1"
"7M0,7M0","7G0,7G0"
"6I0,4F0","6I0,4E1,1BO0"
"4A0,12AB0,11O0,1AC0","4P1"
"4AD1,6E1","4AD1,6E1"
"7J1,4J1,13AE1,1AF1","7E1,4A1,13AE1,1AF1"
"6M0,4F0","6I0,4Q1"
"7M0","7G0"
"7X0,2I0,1AG0","7A0,2Q0,1AG0"
"7AH0","7Q1,8Q1,1RY1,2AP1,4AM1"
"7AH1,4K1,1AI1","7AD0,4K0,14AEZ1"
"11O0,1D0","11O1"
"8A0,4F0","8M0,4X1,13AJ1,1BD0"
"13AJ0,11AK0,12AL0,2I0,4F0,9I0","13AJ1,3AFG1"
"7F0,4AM0,9I0,7F0","7A0,4P1,1IM1"
"4AN0,11AO0,8AP0","4F0,11AO1"
"11AQ0,8AP0,1AR0","11AQ1"
"8AP0,4AN0,7A0","8AP0,4Q1,1EF1"
"7P0,1AS0,11AT0","7AM0,1AS1,7AM1,2M1"
"11AU0,2I0,7AM0","11AU1"
"6I0,2I0,7AM0","6M0,2Q0,7K0"
"7A0,8M0,4F0","7A0,8AP0,4G0"
"4AM0,1AG0,12AV0,13AW0,7J0","4J1,6Q1,1HY1,2I1"
"7AM0,1AX0,3AY1,2I0","7F0,1AX1"
"11C0,2G0,4K0,7J0,13AZ0,4K0","11C1"
"1AF0","1AF1,7AP0,3AFH1,6Q1,4I0"
"7A0,11BC0,4F0,8I0,13BD0","7AP0,11BC1"
"8A0,11BE0,12BF0","8E1,4F0,1DH0,2M1,1CY0,2M1"
"7J1,3BG1,4K1,6Q1","7K1,3BG1,4K1,6Q1"
"7AM0,8E0","7AP1,6G0,1BL1"
"6E0,11BH0,13AJ0","6AP0,11BH1"
"13BI0,12BJ0,2AM0,14B0,4P0,9I0","13BI0,12BJ0,2E1,1IP1"
"6I0,7J0","6I0,7A0"
"4AN0,13BK0,1BL0,2I0,7I0","4F0,13BK1,7AP1"
"14BM1","14B0,8I0,1IM0"
"13BN1,4K1","13BN1,4K1"
"8A0","8E1,2I1,1UZ0,7Q1"
"7AH1,1BO1,3BP1","7AD0,1KV0,8E0,3AFI1"
"4I0,12BQ0,7AM0","4Q1,8E1,7Q1"
"13BR0,4P0,7P0,14BS0,7P0","13BR0,4AP0,7Q1,6E0"
"7A0,3BT1,3BU0,11BV0,13BW0,7A0","7J1,1W1,6I0,1AFJ0"
"7AM0,4F0,8E0,11BX0,12BY0,2I0,1BZ0","7K1,6A1,1BL0"
"13CD0,11AQ0,4K0,2I0,12CE0,1BR0","13CD1,4M0,7AP1,8E1"
"11CF0,4F0,2I0,1BR0,4F0","11CF1"
"4J1,3CG0","4J1,3CG0"
"7AH0,11CH0","7AD1,6I0,3AFK1"
"11CI0,2I0,7AP0,3CJ0,12CK0","11CI1"
"6E0,4AN0,12CL0,4AN0","6E0,4AD1"
"8M1,7A1,3CM1,1AF1,3CN0","8M1,7E1,3CM1,1AF1,3CN0"
"6Q1,7I1,4AN1","6Q1,7AP0,4E1"
"4AN0,11CO0,3CP1,7J0,8AP0","4G0,11CO1"
"1CQ0,14B0","1CQ1,7I1,4F1"
"7AD1,6Q1,3CR0,3CS1","7F0,8E0,12AFL0"
"7AM0,8A0,1CT0","7AM0,8AP0,1CT0"
"8Q0,4AN0,4AN0","8A0,4Q1"
"4F0,11T0,7P0","4E0,11T1"
"7A0,4AM0,11CU0,1BD0,9I0","7K1,1DO0"
"8AP0","8E1,4Q1"
"4M0,1CV0","4AM0,1CV1,6Q1,7G1,1AG1"
"8A0,7AD0","8E1,7P0,2E1,1CD0,1DE0,1LQ1"
"7P0,7P0","7A0,7A0"
"8M0,3CW0,4F0,11CX0,1CY0","8AP0,3CW1"
"7AD0","7AH1,8M1,9E1,4Q1,7AH1"
"11O1","11O1"
"11AO0,13CZ0,7AD0,8AP0,7AD0","11AO1"
"6Q1,7F1,4F1,2Q1","6Q1,7J1,4F1,2A1"
"1W0,4AD0,8E0","1W1,7AD0,4F0"
"1DE0,13BN0","1DE0,13BN1,3AFM1"
"4J1,8A1,1AS0","4J1,8A1,1AS0"
"12DF0,2I0,4P0,1BL0,3DG1","12DF0,2Q0,4P0,1BL1,1AFN1"
"8I0,1DH0,2I0","8I0,1DH0,2AP1,3AFO1"
"1DI0","1DI1,4K1,8AP0"
"7F1,6Q1","7J0,11GX0,2A0,12ADK0,1AE0"
"6I0,11CX0","6Q1,7E1,14AFP1,1DI1,7E1"
"4J1","4K0,7AM0,2Q1,7AM0"
"13BI1,13CZ0,1DJ0","13BI1,13CZ0,1DJ0"
"6E0,7I0","6A1,4AD0,3AFQ1"
"6I0,4F0","6A1,7K1,4G1,1RY1,7K1"
"4AD1,2I1","4AD1,2Q1"
"4K1,6Q1","4G0,6G1,1CV1,3AFR0,7AM1,1HK1"
"6I0,2G0,11V0,3DK0","6I0,2I0,11V0,3DK1,1AEL1"
"6I0","6G1,7G0,3AFS0,4AH1"
"4F0,1DE0","4P1,3AFT0,7I1,6E1,1AFJ0"
"11DL1","11DL1"
"11AO0,4A0,1DM0","11AO1"
"6I0,4F0","6G0,4E0"
"7G0,2I0,4F0,1DN0","7G0,2Q0,4I0,1DN0"
"6I0,2I0,12CE0","6E0,2Q0,12CE0"
"4X1,1DO1","4X1,1DO1"
"8E1,4F1,3DP1","8E1,4F1,3DP1"
"1CQ0,4AN0","1CQ0,4F0"
"6I0,7AM0","6I0,7E1,3AFU0"
"7G0,2I0,11C0,12DQ0,7G0","7AM0,2I0,11C1,1LW1"
"7AD0,8E0,13DR0,11DS0,14B0,2M0,4AN0","7E1,6A1,2I1,13BD0"
"6Q1,14B1,3DT1,4P1","6Q1,14AEZ1,3DT1,4P1"
"7AD0","7F0"
"4F0,11DU0,6I0","4F0,11DU1,2E1"
"4AN0,1W0","4J1,6I0"
"4K0,3DV1,11DW0,7I0,3DX1","4AD1,6Q1"
"6I0","6AP1,7P0,4I0"
"2AM1,6Q1","2M1,6Q1"
"8AP0,11DY0,13CZ0","8AP0,11DY1"
"6Q1,7I1","6Q1,7AP0,3AFV1,1EL1,4K1,1CT0,1AEL1"
"7A0,3DZ1,1BL0,7A0","7AD0,3DZ0"
"8E1,4AM1,1EF1","8E1,4AM1,1EF1"
"6E0,4AN0","6Q1,7Q1,3AFW0,3AFX0"
"4AM0,9I0,3EG1,11EH0,14B0","4Q0,9E1"
"6I0,3EI0","6I0,3EI1,1HK0"
"13AE0,4F0","13AE1,4AM0,6E0,1CZ1,1ABC0"
"7AD0,8E0,4K0,13DR0,3EJ1","7AH1,1AFY1,4F1,8Q1,6Q1"
"4AM0,11EH0,2I0,3EK1","4K1,1KO0"
"4AD1,1EL1,14EM1,3EN0","4AD1,1EL1,14AFZ1,3EN0"
"7AP0,4F0,11EO0,12EP0,3EQ0","7J1,6Q1,1DN1,2Q1"
"7A0","7I1,6E1,3AGH1,7I1"
"6I0,12ER0","6M0,12ER0"
"9A1,1ES0","9A1,1ES0"
"4F0,11ET0,7AP0,9I0","4X1,8I1,1CV1"
"7AD0,12EU0,4AN0","7G0,12EU0,4Q0"
"4AN0,11C0,7P0,13EV0","4AD1,1FK0,3AGI1"
"4P1,1EW1","4P1,1EW1"
"2I0,7AH0,11EO0,8Q0","2Q0,7E1,6I0"
"6I0,3EX1,4F0","6Q1,2Q0,7Q1,1MU0,4I1,1AZ0"
"4AN0,11BX0,7P0,2I0,7P0","4I1,2Q0"
"6G0,11EY0","6A1,7AP0,4K1,3AGJ1"
"4A0,11EZ0,13AW0,2I0,7AP0,3FG1","4AP1,7AP1"
"2Q0,11FH0,14Y0,4AN0,7A0","2I0,11FH0,14AGK1"
"8A0,7A0,12CE0","8E1,4AD0,7Q1,3AGL0,1KV1"
"8Q0,4K0","8M1,4Q1,1CV1,7AP1,3AGM0"
"1EF0","1EF0"
"4F0,11FI0,7AP0,9I0","4P1,7AD0,6G1,1EW1"
"6I0,2I0","6M0,2Q0"
"5FJ0,7AD0,13BN0","5FJ0,7K1,6E1,1NU1,3AGN1"
"1FK0,4F0","1FK0,4E1,3AGO1"
"6M0,1FL0","6M0,1FL1"
"4F0,8I0","4K1,13DE0"
"6E0,2M0,13AG0","6A1,7AP0,4AP1,3AGP0"
"6I0,6I0","6G0,6G0"
"4AD1,6Q1,7AD1","4AD1,6Q1,7F1"
"11FM0,8I0","11FM1"
"4AM0,6I0","4AM0,6E0"
"6G0","6I0"
"6I0,2I0,9I0","6M0,2AP1"
"7J0,2Q0,3FN0","7A0,2Q0,3FN0"
"6I0,1CT0,4F0","6Q1,7AP0,13R1"
"1FO0","1FO0"
"12CK1","12CK1"
"8A0,11FP0","8E1,4AD1,3AGQ1,2Q1"
"4K1,8E1,4K1","4K1,8E1,4K1"
"8I0,9I0,1FQ0","8E1,7F1,7F0,3AGR0,4AP1"
"1W0","1W0"
"11EZ0,4F0,12EU0,7G0","11EZ1"
"7P0,4F0","7AM0,4AM0"
"1W0,4K0,2I0,2I0","1W0,4A1"
"7I1,9Q1","7AP0,6Q1,7AP1,4E1"
"4AN0,11DU0,8A0","4M1,6E0"
"6I0,13BD0","6I0,13BD1,4Q1"
"4M1,6Q1,7AM1","4M1,6Q1,7G0"
"2A1","2E1"
"11FR0,7A0,5FS0,12FT0","11FR0,7AH1,1W1,4AH1"
"6E0,4K0,2G0,7I0","6E0,4I1,2AP1"
"11CF0,8M0,4AD0","11CF1"
"4J1","4J1"
"6E0,4AN0","6E0,4AH1"
"4AN0,11C0,2I0,7AM0","4G0,11C1"
"2Q0,4K0,7AP0","2A1"
"4AN0,3FU1,11T0,2I0,7AH0","4AP1,6Q1,7AD1"
"4K0,3FV0,9I0","4P0,3FV1,6G1,2G1"
"7X0,3FW1,4I0","7E1,4P1"
"7AP0,11FX0,8A0","7AP0,11FX1"
"4AD1,2A1","4Q0,2AP1"
"4AD1,3FY0","4AD1,3FY0"
"4F0,2G0,11EH0,7AD0","4P1,1CV0"
"6I0,4AD0","6E0,4AP0"
"5FJ1,6Q1","5FJ1,6Q1"
"8A0,13BK0,2Q0","8E1,7AP0,4A1,3AGS0"
"7A0,1AR0,4F0","7G0,1AR0,4AH1,6A1"
"6I0,2I0,3FZ0","6Q1,7F1,13BD1,3AGT0"
"4K1,1GH1,7P1","4K1,1GH1,7AM1"
"1W0,9I0,7AP0","1W1,13D1,7Q1,6Q1,1R0,4M1,7Q1"
"11O1","11O1"
"4A0,11GI0,12CK0,7AD0","4Q1,1FK1,2Q1"
"7X0,3GJ1,7X0","7A0,3GJ1,7A0"
"6Q1,7AP1,3GK1","6Q1,7Q1,3GK1"
"8A0,4AN0,12GL0","8Q0,4AP0,12GL1"
"7AP0,11GM0,12GN0,4F0,3GO0","7G0,11GM0,12GN0,4Q0,3GO1,1BL1"
"4M1","4M1"
"7I1,1EL1,3GP1","7AP0,11GU0,2Q1,1GY0"
"11EO0,6E0,3GQ1","11EO1"
"11GR0,12GS0,2I0,13BK0,1GT0,7AD0","11GR0,12GS0,2Q0,13BK1,1AGU0"
"11GU0,4K0,7J0,2I0,1GV0","11GU1"
"7AP0,11GW0,13DR0","7AM0,11GW1"
"7G0,4AN0","7M0,4G0"
"4F0,11GX0,7P0","4G0,11GX1"
"7A0,4F0,8E0","7AM0,4AM1,1AGU1"
"4AH0,2Q0,6I0,1R0","4AP1,8A0,3AGV0"
"4F0,7AD0","4AM0,7A0"
"7M0,2G0,8E0","7P0,2G0,8I0"
"4P0,13GY0,3GZ1,2I0","4G0,13GY0,3GZ1,2Q1,1MU1"
"4F0,7A0,11HI0,9I0,8A0,6E0","4M1,7AD0"
"8A0,4A0,2I0,13BD0","8I0,4F0,2E1"
"4F0,2I0,7AD0","4F0,2Q0,7AD0"
"8A0","8M1,7J1,3AGW0,1NU0"
"6E0,1AG0,11V0","6G1,7K1,1FK0,3AGX1"
"4X1","4X1"
"7P0,12HJ0,4F0,11DS0","7AD1,1CV1,2M1"
"8A0,2AM0","8I0,2A1"
"7I1,4K1,1AF1,1HK1","7AP0,8E1,1GT0,9I1,1KV0,7AP1,1HK1"
"4AD1","4AD1"
"8AP0,13DN0","8I0,13DN0"
"6Q1,7J1","6Q1,7K1"
"7P0,4F0,2G0,3HL1,3HM0","7K1,1EL1,6G0,4G1"
"7F0,8E0,2AM0","7E1,8I1,4X1"
"8A0,4AN0","8M1,2G0,3AGY0"
"7A1,3HN1","7E1,3HN1"
"8A0,7P0,12HO0,3HP1","8I0,7AM0,12HO1"
"4AM1","4AM1"
"4X1","4X1"
"7A0,11GU0","7AD1,6I0,2E1,1IP1"
"6G0,3HQ0,4E0","6A1,7G1,2I1,7G1,2I1"
"6I0,4AN0","6E0,4J1,1CV1"
"6I0,9I0","6AP0,9I0"
"7M1,4F1,1CT0","7I1,4F1,1CT0"
"1FO0,11GU0","1FO1,8AP0,4X1,3AGZ1"
"8A0,2I0,12HR0","8A0,2G1"
"8A0,7I0","8M0,7K1,4A1,3AHI0"
"6E0,13BK0","6E0,13BK1,1DO0"
"6E0,12HS0,13DH0","6AP1,7Q1,1DI1,4E1"
"2I0,12HT0,11HU0,3HV1,4F0,7AD0","2G0,12HT0,11HU1"
"6I0","6G1,7AP0,3AHJ1,4P1"
"5HW0,7AD0,2I0,13U0,7AD0","5HW1,3AHK0,11JV1"
"13L0,1BR0,3HX1,11DS0","13L1,6A1,4X1"
"7I1,1HY1,3HZ1","7AP0,1AHL0,4E0,12EU0,8E0"
"8E1,1BL1","8E1,1BL1"
"6I0,2I0,3IJ1,11IK0","6I0,2A1"
"7AP1,4F1,13D1,3IL0,1IM0","7Q1,4F1,13D1,3IL0,1IM0"
"8E1,7I1,4F1","8E1,7AP0,4F0,2Q1,1CY1"
"8AP0","8E1,1DO0"
"7M0,2G0,12CK0,7M0","7I1,1FK1,6Q1,2I1,3AHM0,4AD1"
"8AP0,4AD0","8I0,4X1"
"6E0,4F0","6A1,7A1,2E1,1AGU1,4J1,1GT1"
"7G0,11IN0,9Q0,2I0","7AM0,11IN1"
"11AU1","11AU1"
"6I0,11IO0","6I0,11IO1"
"13IP0,8AP0,12BY0,7AH0","13IP0,8Q0,12BY0,7I0"
"11O1","11O1"
"6I0","6I0"
"6Q1,7AP1,2Q1","6Q1,7Q1,2A1"
"6E0,4AM0","6E0,4E1,3AHN0,7F1"
"6E0,4K0","6E0,4M0"
"4F0,14B0,3IQ1,8AP0","4K0,14BM1"
"11IR1","11IR0,4X1,6AP0,12GS0"
"4X1","4P0,2I0,7K1,1W1,13KV1"
"8A0,7P0","8A0,7K1,2M1"
"1EL0","1EL0"
"7AP0,12CK0","7P0,12CK0"
"11AT0,5FS0,14B0,1W0","11AT1"
"4F0,7J0,8A0","4AD1,1AF1,7M1,6Q1"
"4K0,7F0","4X1,1CQ1"
"4AN0,11IS0,1AX0","4I0,11IS1"
"7AH0,8I0,7AH0","7AM0,8A0,7AM0"
"7X0,1EV0,13AE0","7J1,6Q1,2M1,4P1"
"6E0,4K0,3IT0,7AD0","6E0,4G0,3IT0,7F1,1KQ1"
"6I0,1BD0","6I0,1BD0"
"7AD0,11GI0,9I0,6E0","7F1,4J1,13DE1,7F1,2Q0,1HK1"
"11IU1","11IU1"
"6I0,4AN0,4AN0","6E0,4J1"
"7X1,3IV1","7AH0,13DM1,1FQ0,1KV0,7AH1"
"11IW1","11IW1"
"8M0,4AN0,12GL0,1CY0","8M0,4P0,12GL0,1CY0"
"7A0,7A0","7K1,1AI0"
"1CQ0","1CQ1,4A0,1BL1"
"6I0","6Q1,7Q1,4X1"
"4AM1,3IX1,6Q1,7A1","4AM1,3IX1,6Q1,7E1"
"7M1","7I0,6Q1,4E0,12JM0,2AP1,7I1,1RY1,7I1"
"7AD0,4K0,8A0,11AK0","7Q1,3AHO0"
"11IY1","11IY1"
"5HW1,9Q1","5HW1,9Q1"
"11BC0,7AD0,9I0,2I0,4AN0","11BC1"
"6I0,7AM0","6I0,7G0"
"7AD0,2G0,4AN0,12IZ0,13JK0,7AD0","7E1,1ACE1,3AHP1,3AHQ0"
"8Q0,7AM0","8A0,7G0"
"4AN0,13EV0,7AH0","4M1,7AP0,6G0"
"6G0,3JL0,13BD0","6A1,4E1,1AHR1"
"4F0,1AC0,7I0","4AM0,1AC1,7G1,6M1,2AP1,4AM1"
"7AP0,1BD0,12H0","7AD1,6Q1,1DI1,3AHS1,4AD1"
"4F0,12JM0","4P1,1RY1,3AHT0,3AHU0"
"4A0,6I0,11JN0","4X1,6A1,1FO0,3AHV1"
"4AD0,11JO0,12HJ0,2G0,13BN0","4AM1,7G1,8I0,1BK0"
"7M0,11GW0,4F0,7M0","7F1,6Q1,1RY1,4E1"
"13AZ1,1FO1,3JP0,1AE1","13AZ1,1FO1,3JP0,1AE1"
"4F0,11ET0,2G0","4AM0,11ET0,2M1,4AM1"
"4F0,8A0","4AH1,9A1,7M1"
"6I0,7AP0,4AN0","6I0,7AD0,4AM0"
"8A0,4K0","8A0,4E0"
"7P0,1R0","7Q1,6G1"
"7A0,2Q0","7K1,6E1,3AHW0,14BM1"
"7X0,4F0,11JQ0,1AX0,7X0","7AP0,4I0,11JQ1"
"6I0,11JR0","6AP0,11JR1"
"6I0,13AG0","6E0,13AG0"
"6I0,4AD0","6I0,4J1,1AC1"
"7AD0,3JS1,14X0,3JT0","7I1,4K1,1DI0"
"7P0,8E0","7K1,8I0,1BN0,4AD0"
"7AD0,9I0,8A0,4AM0","7F0,9I0,8AP0,4E0"
"11EO1","11EO1"
"11JU1","11JU1"
"7M0,11JV0,13JW0","7AD0,11JV1"
"6I0,4AN0,7F0","6AP1,7K0,1EL1"
"6I0,4K0","6A1,3AHX1,1CV1,13BN0,7M1"
"8A0,7P0,4AM0,12JX0","8E1,1AE1,1FL1,3AHY1"
"6I0,1HK0","6A1,7M0,3AHZ0,1BN0"
"4K1,7I1,2I1","4K1,7AP0,3AIJ0"
"7P0,11JY0,3JZ0,7P0,2I0","7F1,6I0,1DI0"
"6Q1,7I1,1EF1,13GH1","6Q1,7AP0,8E0,11AIK0,3AIL0"
"11KL0,7X0,8E0","11KL1"
"2A1","2E1"
"8I0,4A0","8E1,7M1,4J1"
"4P1,7AH1,1FO1","4P1,7AD1,1FO1"
"4F0,7A0","4Q0,7AM0"
"4G0,7AP0,3KM0,13KN0,7AP0,13W1","4G0,7M1,8A0,1AS0"
"7P0,4E0,9I0,7P0","7A0,4G0,9I0,7A0"
"7J1,6Q1","7K1,6Q1"
"7X0,7X0,1FO1","7AH0,7AH1,8E1,3AIM1"
"4K1,1KO1,8A1,7I1,1GT0,4K1","4K1,1KO1,8A1,7AP1,1GT0,4K1"
"6AP0,2I0,3KP1","6E0,2G0,3KP1"
"7AP0,2I0,8E0,13KQ1","7K1,6E0"
"4AN0,7AD0,11KR0,13BN0,2G0,3KS1","4A0,7J1"
"4AM0,8A0","4A1,7Q1"
"7I1,13AJ1","7AP0,6E0"
"8I0,4F0,2I0,11CX0","8I0,4AD0,2M1"
"1W0","1W1,4AP1,3AIN0"
"7P0,2I0,4A0,3KT0","7AD0,2Q0,4M0,3KT1,1CD0"
"4P1,7AM1","4P1,7G0"
"8E0,4F0,7AM0","8M1"
"4F0,2I0,13CZ0,12KU0","4K0,2E1"
"4AN0,13L0","4P0,13L0"
"8M0,2I0,4F0","8Q0,2A1"
"7AD0,11JO0,13KV0","7G0,11JO1"
"11CF0,7I0,1CZ0,4AD0","11CF1"
"7AD0,11N0,3KW1","7G1,6Q1,4AD1"
"7X0,11KX0,12KY0,4F0,4F0","7M0,11KX1,6E0"
"4I0,11AO0,8A0","4AH0,11AO1"
"7AP0,11CF0,1DO0","7AP0,11CF0,1DO1,3AIO1,8E1,3AIP1"
"4AN0,7AD0,11KX0,8A0,13KV0","4M0,7AD0,11KX1"
"4AN0,11JV0,8M0","4AP1,1UZ1"
"7P0,8A0,2I0","7M1,1LQ1,6AP1,13CQ0"
"6M0","6M0"
"12KZ1","12KZ1"
"6I0,4AN0","6A1,7AM0,13AJ1,1FO0"
"6I0,11BE0","6I0,11BE1"
"6Q1,7P1,4F1,1LM0,9I1","6Q1,7AM0,4F0"
"6I0,11V0","6AP0,11V1"
"8A0,4AM0","8I0,4AH1,3AIQ1"
"8A0","8A0"
"4AN0,7AH0,11ET0,13AW0,3LN0","4X1,1ACU1"
"7G0,9I0,7G0","7AM0,9A1"
"8E1,7I1,1LO0","8E1,7AP0,12JM0,13AJ1"
"2M1,1LP1","2AP1,1LP1"
"6I0,7G0","6A1,7P0,12H0,3AIR1,7P0,3AIS1,1UZ1"
"6I0,1FQ0","6A0,1FQ1,2M1"
"2AM1,13AZ0","2M0,8E1,4K0,5AEF1,7J1,1AGU1,1JK0"
"7AH0,2I0,9I0","7P0,2A0,9Q0"
"4M0,2I0,1KQ0","4M0,2G0,1KQ1,8E1,3AIT1"
"13DN1,1LQ1","13DN0,6Q1,7AP0,3AIU0,4AP1"
"7A0,4F0,3LR1","7J0,4F0,3LR1"
"4F0,7AP0","4AD1,1EL1,2E1,13BK0"
"1CV0,2I0,11LS0","1CV0,2A1"
"7P0,2Q0,1AX0","7Q1,1EL1,4A0,2E1"
"8I0,2I0,7G0","8Q1,2G0"
"6E0,11V0,4AN0","6E0,11V1"
"4J1,10A1","4J1,10E0,11V0"
"1FO0","1FO0"
"4Q1,7AP1","4Q1,7Q1"
"11LT0,4AP0,12LU0,7AM0,2I0","11LT1"
"7P0,11CU0,4A0,7P0","7F1,4P0,7F1"
"8A0,4A0,3LV0","8A0,4I0,3LV1,1BI1"
"13DM0,2AM0,9I0,1DN0","13DM0,2M1,3AIV1"
"7AD0,9I0,11AO0","7G0,9I0,11AO1"
"4A0,1LW0","4I1,3AIW1,7K1"
"2AM1,6Q1","2M1,6Q1"
"7M0,8A0,11LX0,4F0,9I0,3LY0","7M0,8E0,11LX1"
"6I0,4E0,4E0","6I0,4AD1,3AIX1"
"4F0,2I0,7X0,1BK0,3LZ1","4X1,6Q1,9I1,13CT1,1L1"
"6I0","6E1,7M1,1DI1,2Q1,1CV1"
"6I0,7G0,3MN1","6Q1,7A0,4X1"
"7I1,1IM1,2M1","7AP0,4F0,8E0,14AEZ1"
"4AD0,7J0,2Q0,9I0","4I0,7A0,2A0,9I0"
"6AP0,13BR0","6I0,13BR0"
"4AM1,14B1,1MO1","4AM1,14AEZ1,1MO1"
"8AP0,7AP0","8Q0,7Q1,3AIY0"
"4AD1,8E1","4AD1,8E1"
"6I0,1DJ0","6AP1,7AH1,11CU1"
"6I0,1DM0","6I0,1DM1,4E1"
"1W0","1W1,7M0"
"8M0,4AN0,12CE0","8M0,4P0,12CE0"
"11MP0,6I0","11MP1,2E1"
"8A0,1GT0,4F0","8M1,4I0,7P1,3AIZ0,1AG0"
"11DU0,7Q0","11DU1"
"6Q1,7J1","6Q1,7K1"
"6I0,11CH0,7AP0","6I0,11CH1"
"7AD0,8A0","7AP1,3AJK1,7AP0,1DM1"
"6G0,1CT0","6G0,1CT1"
"11MQ0,4F0,12HT0,3MR1,13CZ0","11MQ1"
"7AM0,4F0,2I0,11MS0,12MT0","7AM0,4X1"
"6I0,4F0","6A1,1CQ1,7A1,4G1,2AP1"
"2M1,1MU0","2AP1,1MU0"
"1IM1,3MV1","1IM1,3MV1"
"8M1,4F1","8M1,4F1"
"9A1","9A1"
"5MW0,11MX0,7I0,13BN0","5MW0,11MX0,7AH1,1L0"
"7X0,4AN0,11MY0,7X0","7AM0,4F0,11MY1"
"1DI0","1DI0"
"6I0,11V0","6I0,11V1"
"7X0,14B0,4F0","7I1,1KQ1,8AP1,1ABC0,13DE1,4P1"
"8E0,7J0,11GW0,2I0,3MZ0","8I0,7K1"
"8I0,2I0,1AX0","8A0,2A1"
"8A0,11JN0,2I0","8AP0,11JN1"
"7A0,4F0,3NO1","7M0,4I0,3NO1"
"6E0,7X0","6AP0,7AD0"
"4AN0,3NP0","4I1,1AFY1,8A1,7AH1"
"4AD1,2I1","4AH1,2Q0,1DJ1"
"8M1,3NQ1","8M1,3NQ1"
"7J1,1LW1,4AN1,2I1","7K0,4E1,1FL1"
"4F0,11NR0,14B0,6I0","4AD1,6M0,1KQ1"
"11ET0,6I0","11ET1"
"7P0,2I0","7AP0,2Q0"
"6I0,13DN0","6I0,13DN0"
"4G0,12NS0","4AD1,6I0,1ES0,13R0"
"4AN0,2I0,8AP0,7G0","4AM0,2G0,8I0,7AP0"
"6I0,13BR0","6I0,13BR1,4Q1,1FK1"
"8I0,11GU0,4F0","8M0,11GU1"
"7AP0,2I0,2I0","7J1,8E1,2A1"
"11NT0,12FT0,1NU0,7AP0,3NV0","11NT1"
"6I0,2AM0","6AP0,2AP1"
"6AP0,7AP0","6AP0,7K1,1CY1"
"6AP0,11BE0,4AN0","6M0,11BE1"
"7X0","7AD1,8AP0,4P0"
"6E0","6AP0"
"11NW1","11NW1"
"6I0,2I0,4F0","6A0,2A1,3AJL1"
"6E0","6Q1,4A1,1RY1,2E1,13R1,1HK1"
"6I0,4AM0","6I0,4AM0"
"8I0,4F0,7J0,12BY0,13AJ0","8M1"
"6I0","6I0"
"11IS0,12DF0,6E0","11IS1"
"4AN0,2I0,9I0,7AM0","4AP1,1EL1,2G1"
"4I0,1FQ0,2I0,12NX0,7P0","4M0,1FQ0,2E1,1BO0"
"4AN0,2I0,7J0,4AN0,1DN0","4AM0,2Q0,7K1,6I0"
"4F0,2Q0,7M0","4G0,2AP1,4G1"
"7X0,2Q0,11KR0,4F0","7G0,2Q0,11KR1"
"4AN0,7A0,13AZ0,8E0","4AD1,6E1,1CQ1,1ADL0"
"4AN0,2I0,7P0","4AM1,6A1,1ACE1,3AJM0"
"2I0,4K0,11MS0,1CQ0","2M1"
"12HS0,4K0,6I0","12HS0,4I1"
"11CI0,4AN0,7F0,7F0","11CI0,4G1,7E1,6I0"
"11GX0,13BK0,2I0,3NY1,8E0,6Q1,4AN0,1EW1","11GX0,13BK1,3AJN0,4AH1"
"4F0,11LX0,7A0","4AM1,6E1,7J1,1AE0,1KQ1"
"7P0,2I0,6E0,14B0","7K1,4F1,2A1"
"8I0,4P0","8M1,7AD0,3AJO0,3AJP0"
"6I0,1BL0,4P0","6Q1,7AH0,12JM0,2M1"
"6Q1,7J1,3NZ1,1DO1,4AN1","6Q1,7K1,3NZ1,1DO1,4E1"
"11DW0,12H0,7AP0,2I0,4F0","11DW0,12H0,7G0,2AP1"
"6I0,2I0,1AX0,7A0","6E0,2G0,1AX1,1AJQ1"
"8E1,7J1,3OP0,13BK0","8E1,7K1,3OP0,13BK0"
"2M1","2I0,12HR0,11IS0,7E1,2I0,4AP1,1CD0,1DO0"
"7I1,4F1,6Q1","7AP0,6Q1,4F1,1CT0,7AP0,13D1"
"4AN0,3OQ0,8A0,13BW0,7G0","4P1,7AM1,4P1"
"2Q1,4AN1,6Q1","2A1,4E1,6Q1"
"13CZ1,7AM1","13CZ1,7G1"
"11OR0,8M0,2I0,7AD0","11OR1"
"7I1,4K1,8E1","7AP0,11CF0,1DE1,7AP1,4K1,1BK0,1AC1"
"6E0,4AN0","6G1,7F1,13CV0"
"4F0,11S0,2G0,1BL0","4AD0,11S1"
"7J0","7E1,6I0,9I0"
"8I0,11OS0","8I0,11OS1"
"6I0,2I0","6M0,2A1,1AHR1"
"7P0,11OT0,12EP0,13JK0","7AM0,11OT1"
"6Q1,4AM1,8M1","6Q1,4AM1,8M1"
"11OU1","11OU1"
"4Q0,7AH0,12OV0,7AH0","4I0,7F1"
"6G0,3OW1,2I0","6Q1,7M0,8M1"
"11CI0,7AP0,6M0,2I0","11CI0,7J0,6Q1,4J1"
"6I0,7M0","6I0,7I1,4AM1,1AF1"
"4AN0,11HI0,1DM0,2I0,7X0","4P0,11HI1"
"7J0,13OX1,1BN0","7AH0,13OX1,1BN0"
"7G0,4AN0,9I0,11DS0,2I0","7F1,4G1,10E0,6M1,13AR1"
"6I0,4F0","6AP0,4I0"
"7AD0,12DF0,9I0,1BN0","7F1,6G1,4P1"
"6I0,9I0","6I0,9I0"
"4E0,7P0,2I0","4M0,7P0,2G1,8A0"
"4AN0,11EO0,2Q0,7F0","4I1,6AP1,7E1"
"11GR0,1DN0,8AP0,2I0","11GR1"
"1AC0,3OY1,11EZ0,3OZ1","1AC0,3OY1,11EZ1"
"6E0,2G0,4AN0","6E0,2E1"
"6M0,7P0","6M0,7P0"
"6G0,4A0,9I0","6A1,4G0,1KV1,13D0"
"4F0,9Q0,12JM0,2I0,13BN0","4Q1,7G1,8AP1,3AJR1,1ACU1"
"4P1,1EF1","4P1,1EF1"
"11PQ0,6I0","11PQ1"
"4F0,11PR0,2I0","4AD1,6M0,7J0,4AD0"
"7AH0,4F0,7AH0","7AD1,4J0"
"4A0,1W0,4A0","4M1,7A1,1AEL0,2I0"
"8A0,4K0","8A0,4X1,1BZ0"
"8E1,7AD1,3PS1","8E1,7F1,3PS1"
"7J1,10A1,2I1,1DO1","7K0,11AJS0,2Q0,4E1"
"6I0,11DY0","6I0,11DY1"
"4K1,6Q1,1D1","4K1,6Q1,1D1"
"6I0,4F0,13BK0","6E0,4A0,13BK0"
"11O0,4AD0,12PT0,7I0,4AD0,1DN0,3PU0","11O1"
"7P0,6M0","7AH1,1AI0"
"6M0,12BF0","6M0,12BF1"
"6E0,11PV0,4AD0","6M0,11PV1"
"11N0,4F0,7AP0,3PW1","11N1"
"4F0,2I0,7J0,4F0","4G1,6Q1,7M1"
"1DE0,4A0,4A0","1DE1,4F1,3AJT0,12HS0,3AJU1"
"6Q1,4P1","6Q1,4P1"
"11LT0,3PX0,4J0,2I0,7J0","11LT1"
"4K1,7I1,3PY1","4K1,7AP1,3PY1"
"1W0,4AM0,12CK0,7AD0","1W1,8I1,7A0,1DE1,1CY1,1BL1"
"13CD0,4K0,2Q0,7J0,14B0,11GX0","13CD1,1RY1,1GT1"
"1AE0,7AP0","1AE0,7Q1,1AF0"
"8E1,1AC1,11PZ0","8E1,1AC1,11PZ0"
"7AP0,4F0","7I1,6AP1,2M1,1FL1,7I1"
"4F0,3QR1,9I0,11LT0,3QS0","4F0,3QR1,9Q0,11LT1"
"11QT0,14B0,1W0,8A0","11QT1"
"8AP0,13BN0","8M1,7AD0,4AM1,1HY0"
"6I0,4AN0","6I0,4E1,1HK0"
"4A0,13NU0,7P0","4Q1,7G1,8A1,1IP0,1AE0"
"4E1,6Q1,1QU0,7AP1","4E1,6Q1,1QU0,7Q1"
"6E0,2M0,3QV0","6E0,2AP1"
"4M1,1DO1,3QW1,7X1","4M1,1DO1,3QW1,7AH1"
"11GX1,4K1","11GX1,4K1"
"6I0,4K0,3QX1","6Q1,4AM1,1LQ1,1CT1"
"4F0,11NW0,7AD0","4E0,11NW1"
"4X1","4AM0,7AD0,11CF0,14AJV1"
"8A0,4AN0","8A0,4E1"
"6I0,2I0","6E0,2M1,3AJW0"
"7AH0,2I0,4K0,13BD0,8A0","7AP0,2M0,4E0,13BD1,4E1"
"8AP0","8AP0"
"7P0,3QY1,7P0","7F0,3QY1,7F0"
"12JM0,4G0,7P0","12JM0,4F0,7J1,8E1,4F1"
"4AM0,11DL0,4AM0,2G0,7M0","4A0,11DL1"
"11PR0,3QZ0","11PR1"
"4AD1,7AP1,1HK1","4AD1,7Q1,1HK1"
"8A0,12CE0,11RS0","8E1,1AF1,7E1,3AJX0"
"4F0,7I0,8A0","4M1,6M0,2A1"
"8AP0,12CE0,4E0","8AP0,12CE0,4F0"
"6E0,4AD0","6E0,4AD0"
"1W0,7AP0","1W0,7AM0"
"1AC0,4F0,11AU0","1AC1,6G0"
"11RT0,6I0","11RT1"
"6I0,2I0","6I0,2M0"
"4F0,1BN0","4G0,1BN0"
"4F0,11CU0,2I0,3RU1","4K1,6Q1,3AJY0"
"4F0,3RV1,13AJ0","4F0,3RV1,13AJ1,7P1,1R0"
"7AD0,11RW0,1BK0","7M0,11RW1"
"4X1,2I1","4J1,2Q1"
"8AP0,11IU0,7AD0","8I0,11IU1"
"6G0,4A0","6E0,4Q1,6E1"
"4G0,6G0","4AP1,1LQ1,2G1"
"1W0,4P0,14B0","1W1,7K1,6I1,4J1,1AG0,2E1"
"7G0,9I0,11JV0,7G0","7AD0,9Q0,11JV1"
"11CO0,6I0","11CO1"
"7AD1,4F1,6Q1,1RX0","7F1,4F1,6Q1,1RX0"
"4F0,11KX0,1AE0","4AM1,8M0,1AFJ1"
"7I1,6Q1,2I1,1DI1","7AP0,4E1,2Q1"
"4K1,7AD1,8E1,2I1,14B1","4K1,7F1,8E1,2Q1,14AEZ1"
"7P0,8I0,13DN0","7Q1,6A1,1EL0"
"4E0,11OR0,8I0","4AD1,1DE1"
"11GX1","11GX1"
"4K1,6Q1,1RY1,3RZ1","4K1,6Q1,1RY1,3RZ1"
"4F0,7AP0,11ST0,13AW0,4F0","4Q0,7AH0,11ST0,13AW0,4Q0"
"6I0,7P0","6I0,7AM0"
"7G0,2I0,11SU0,13BD0","7E1,4K0,1DE0"
"11C1","11C0,6M0"
"7X0","7A0"
"5FS1,2G1","5FS1,2AP1"
"8A0,7AP0,6E0","8E1,4M1,3AJZ0"
"4F0,7AP0","4A0,7K0"
"11EZ0,7G0,12EP0","11EZ1"
"11Z1","11Z1"
"7AP0,13BK0,11GU0,12SV0,4AN0","7AM0,13BK1,3AKL1"
"4J1,6M1,7J1","4J1,6M1,7K1"
"7A0,4F0","7Q1,4K0,6AP1,4K1,8E0,1KV0,3AKM1,9AP1"
"7AP0,14B0","7K1,6Q1,13DE0"
"7AH1,4K1","7AD0,8E1,2M1,14AEZ1,1AHR0"
"7P0,4AN0,6I0","7K1,1W0,2AP1"
"6I0,4F0","6E0,4Q1"
"4J1,13BD0,6Q1","4J1,13BD0,6Q1"
"4AN0,7I0,11CF0,1GT0","4AM1,8A1,1EL0,4AM0"
"7AM0,12HO0,14B0","7G0,12HO0,14AKN1"
"11Z0,2AM0,4AN0,3EG1,7A0","11Z1"
"7AP0,4F0,9I0,8E0,7AP0","7Q1,6G1"
"4M0,7AP0,12H0,1DN0","4J1"
"8E1,7AM1,3SW1,3SX0,4F1","8E1,7G0,13AZ0"
"4Q1,1GY1","4Q1,1GY1"
"4AD0,11SY0,14B0,8A0","4I1,7A0,6Q1,1FO1,13AFJ0"
"6I0,4AN0,3SZ1","6I0,4AD1"
"7J0,13BD0","7K0,13BD1,4Q1"
"4AN0,2I0,13EV0,7AD0","4P1,6A1,4P1"
"11CO1,7J1","11CO1,7K1"
"4AN0,2AM0,7X0","4P1,10A1,7E1"
"8E1,4F1,7AP1,1EL1","8E1,4F1,7Q1,1EL1"
"8A0,4G0,2I0,1TU0","8Q0,4AM1,1BN0"
"6E0,11V0,4AN0","6E0,11V1"
"8AP0,7M0","8Q0,7G0"
"6Q1,7I1,1RY1,14B1","6Q1,7AP0,4K0,11CO0"
"2M1,1CZ1","2AP1,1CZ1"
"4F0,8AP0,7AD0","4AP0,8E1,7G0,4AP1,3AKO1,3AKP1"
"8AP0,7P0","8Q0,7AH0"
"7A0,13TV0,2I0,7A0","7AH1,6E1,4AD1,13DE1,3AKQ1,8A1"
"6I0,1DJ0","6M1,7AP1"
"6G0,13BK0,12TW0","6Q1,13BN0,4AD1,1AHL1"
"8AP0,4F0,4F0","8E1,4F0,11CO1"
"14TX1","14AKR1"
"7AP1,6Q1,1DI1,1DH0,4F1,3TY0","7Q1,6Q1,1DI1,1DH0,4F1,3TY0"
"6M0,4AN0,2Q0","6A1,7Q1,2A1"
"1AC0,12TZ0,7A0","1AC1,4J1,7AH1,3AKS0,3AKT0"
"6E0,2I0","6Q1,7Q1,1DI1,4AD1,9A1,1FO1,4AD0,2Q1"
"8M0,12UV0,11IS0,7J0","8A0,12UV0,11IS0,7Q1,4AD0"
"6I0","6I0"
"6I0","6G1,1D0,4J1"
"4AN0,12NS0,2Q0,1AG0","4X1,6AP0,3AKU0"
"4AN0,2I0,13UW0,7AM0","4F0,2G0,13UW1"
"2I0,4AN0,9I0,1AJ0","2Q1,1EF0"
"4AN0,12UX0,7J0,4AN0","4AD1,13CV0"
"7AH0,4K0,2AM0,9I0","7G1,6AP1,1BR0,1CV0"
"4AD1,13AR1","4AD1,13AR1"
"12FT1,4AD1","12FT1,4AD1"
"6I0","6M0"
"6I0,7AD0","6G1,7F0,11GU1"
"8A0,2Q0,1DE0","8E1,4X1,7P0,3AKV1"
"6G0","6M0"
"4AN0,11UY0,7G0","4AP1,1DI0"
"4AN0,8E0,1BL0,2G0","4AP0,8E0,1BL0,2I0"
"4J1","4M0,1CV0"
"4K1,8AP1,1AR0,6E1,1UZ1","4K1,8AP1,1AR0,6E1,1UZ1"
"4Q0,2I0,1GT0","4E0,2A1"
"8A0,13BD0,1AX0","8AP0,13BD1,1DE0"
"7AP0,4F0,2I0,9I0,13OX1,13BD0","7Q1,1W0"
"8Q0,11VW0,2I0","8Q0,11VW1"
"7J0,13AZ0,2I0,3GZ1,3VX0,4K0,4K0","7P0,13AZ0,2Q0,3GZ1,3VX0,4X1,1BK0"
"13BD0,4AN0,7A0","13BD1,7J0,3AKW1"
"4P0,11AO0,7AH0,4P0","4J1,1RY1,8M1"
"7A0,13AJ0","7AD1,6AP1,13CZ0,13D0"
"8I0,3VY1,4F0","8M0,3VY1,4J1"
"4F0,2I0,9I0,11VZ0,7AM0,4F0","4P1,6M1"
"4F0,11JV0,1AJ0,14B0,7AH0","4P0,11JV1"
"6I0,2I0,12WX0","6M0,2M1"
"4K1,13DE1,1AS0","4K1,13DE1,1AS0"
"11AO0,4F0,3WY1","11AO1"
"7AP0,2I0,11AT0,1DN0","7E1,1AGU1,6Q1,4J1,3AKX1"
"4K0,6I0,7J0","4X1,7AP1"
"7I1,2Q1","7AP0,2A1"
"4K1,6Q1","4K1,6Q1"
"7AD0,2I0,14B0,4F0,3WZ0","7K0,2M1"
"4AN0,13BW0","4X1,6I0"
"7P0,9I0,13AW0,7P0","7K0,9Q0,13AW0,7K0"
"6I0,7P0","6AP0,7P0"
"6E0,9A0,12CE0","6I0,9AP1"
"1FO0","1FO1,13BN0,8E0,11CF0,1GT0"
"7P0,11CI0,12FT0,13KV0","7F0,11CI1"
"1KQ0,3XY0,2I0","1KQ0,3XY0,2E1,1EL0"
"7AD0,13XZ0,14B0","7AP0,13XZ0,14AKY1"
"7J0","7J0"
"6G0,9Q0","6Q1,4K1,7K1,2Q1"
"8E1,4K1,3YZ1","8E1,4K1,3YZ1"
"6I0,2I0,7P0","6M0,2G0,7AD0"
"2G0,7X0","2M1,3AKZ1"
"13GY1,4AD1,1KO1","13GY0,2G0,8A0"
"6I0,2I0,4P0,13BD0","6A1,4E0,2G0"
"6I0","6Q1,7AH1,2AP1"
"8M1","8M1"
"11LX1","11LX1"
"6I0,4AN0","6G0,4Q1,1EF0"
"6I0","6G0"
"4K0,7J0,2AM0,1AR0","4J1,1KQ1"
"4K1,1DI1,10A1","4K1,1DI1,10A1"
"8I0,4K0,1ABC0","8Q0,4G0,1ABC1,1ALM0"
"7AP0,4E0,7AP0","7Q1,6E0,9A1,1EL1"
"8I0,4F0","8AP0,4A0"
"6I0,3ABD1","6A1,4AH1"
"4P0,2I0,14B0,7AP0,2I0","4X1,8E1,2Q1,7M1"
"8E1,1BN1,1ABE0","8E1,1BN1,1ABE0"
"4K0,1CQ0","4G0,1CQ0"
"8M1","8M1"
"7M0,4F0,11CF0,9Q0,8A0","7AP0,4AM0,11CF1"
"6I0,13AZ0,7P0","6AP1,1EL0"
"8M1,2Q1,13DJ0","8M1,2A1,13DJ0"
"4F0,8I0,7F0","4AH1,7P0"
"13DJ1,1LQ1,2M1,8E1","13DJ0,11ALN0,8E0,4E0,7J0"
"3BU1,1BK0","3BU1,1BK0"
"7P0,11SU0","7Q0,11SU1"
"6AP0,7P0,9I0","6A1,7AD1,1HK0,1W0"
"8M0,4AN0,11ABF0","8AP0,4Q1,1D1"
"7AD0,11AK0,3ABG1","7F1,1EL1,4I1,2I1,1ACU0"
"6I0,2I0,4F0","6I0,2Q0,4AD1"
"8A0,4AN0,9I0","8A0,4AD0,9I0"
"6M0,11ABH0","6AP0,11ABH1"
"7AP0,11LS0,4F0,1AG0","7G0,11LS1"
"4P1,6Q1,2I1,3ABI0,3ABJ1","4P1,6Q1,2Q1,3ABI0,3ABJ1"
"6I0","6I0"
"8A0,4P0,7AH0","8A0,4K0,7AH0"
"7A0,8I0","7K0,8E1,3ALO1,2A1,14AFZ1"
"4K1,1HK1","4K1,1HK1"
"6I0,11ABH0","6I0,11ABH1"
"11GU0,7AM0,4P0","11GU1"
"7I1,4P1","7AP0,6Q1,4P1,13AFJ1"
"1GY0,12EP0,11S0,2G0","1GY0,12EP0,11S1"
"13BK1,3ABK0","13BK1,3ABK0"
"6E0,1GT0","6E0,1GT0"
"7M0","7P0"
"7AM0,14B0,8AP0","7AP0,14K1"
"4P1,1CQ1,8E1,13R0","4P1,1CQ1,8E1,13R0"
"13CZ0,3ABL0","13CZ1,1LQ0,2G1"
"6I0,3ABM1,1GV0","6A0,3ABM1,1GV0"
"6Q1,4F1,7X1,1HK1","6Q1,4F1,7AH1,1HK1"
"8Q0","8I0"
"4F0,7AM0,11AU0,3ABN0","4F0,7AP0,11AU1"
"8A0,1ABO0","8A0,1ABO1"
"4AD1,1AS0","4AD1,1AS0"
"7I1,4K1,1W1,2I1,6Q1","7AP0,11ALP0,13EV0"
"7AP0,6E0,4AM0,9I0,11ABP0","7F0,6I0,4P1"
"6I0","6AP0"
"4A0,7M0","4AM0,7E1,6Q1,1CV1,2G0"
"8I0,1DM0","8E1,4AM0,3ALQ0,7F1,2A1"
"4A0,1W0","4Q1"
"11ET1","11ET1"
"4K1,7J1,1EF1,6Q1","4K1,7K1,1EF1,6Q1"
"4K1,7J1,1RY1,13EV0,8E1","4K1,7K1,1RY1,13EV0,8E1"
"4F0,9I0,12NX0,11CO0","4F0,9A1"
"8AP0","8M1,4AD0,7AM0"
"8A0,11ABH0","8A0,11ABH1"
"7A0,11EZ0,6I0","7AH0,11EZ1"
"6I0,12CE0","6AP0,12CE0"
"4F0,7P0,7P0","4K1,1FO0"
"4P0,6I0","4I1,8I0,1L1"
"6Q1,4AN1,1HY1","6Q1,4E1,1HY1"
"4F0,7X0","4AH1,1DI1,7P1,8AP1"
"13BD1,7X1","13BD1,7AH1"
"7A0,6I0","7Q1,8M1,3ALR0"
"8A0,13DJ0","8A0,13DJ1,1AJ0,2Q1"
"11JO0,6I0,13DN0","11JO1"
"7A0,6G0","7A0,6A1,7A1,1AGU1"
"1BO0,4F0","1BO0,4Q0"
"6G1","6G1"
"4F0,11ABQ0,7P0","4X1,7AD1,1BO1"
"6M0,2I0,3ABR1","6I0,2A1"
"6I0,4AN0","6E0,4J1"
"6I0,1AR0","6Q1,7A1,2AP1"
"11CO1","11CO1"
"4AN0,1GY0,7G0","4P1,3ALS0,4P1"
"4F0,7I0,9I0,4F0","4AD0,7AD0,9I0,4AD1,3ALT0"
"7AM0,8E0,4F0,14B0,3ABS1,3ABT0","7P0,8AP0,4K0,14I1"
"7A0,11CO0,8A0,4F0,12CE0","7AH0,11CO1"
"4K1,1DE1","4K1,1DE1"
"6I0,3ABU0","6E1,7E1,1AE0,3ALU1"
"7M0,11MS0,3ABV1,3ABW0,9I0","7Q1,2I0,4E1"
"4A0,12ABX0,13ABY0,1AJ0","4P0,12ABX0,13ABY0,1AJ0"
"4AN0,11CF0,7AP0,8E0","4AH1,2I1,6I0,1DM1"
"7J1,4AN1","7K1,4E1"
"8A0,12HS0","8A0,12HS0"
"11ABZ1","11ABZ1"
"8A0,11ABF0","8E1,1DI1,2Q1,7Q1,4AD1"
"11AU0,7P0","11AU1"
"3ACD0,1ACE1","3ACD0,1ACE1"
"7AP0,3ACF1,11IN0,3ACG0","7A0,3ACF1,11IN1"
"4F0,2I0,3ACH1,13ACI0","4X1,13BK0,3ALV0,8Q1,7K1,13IM0"
"4AD1,2I1,8A1,1RY1","4AD1,2Q1,8A1,1RY1"
"2I0,4P0,8A0","2E1,7G1"
"4F0,2G0,11EH0,7AD0,9I0,4F0","4AH1,6Q1"
"6I0,4K0","6AP1,4K1,3ALW1,7E1"
"4J1","4J1"
"6I0,3ACJ1","6I0,3ACJ1"
"6I0","6G0"
"6Q1,7P1,2I1,3ACK1","6Q1,7AM0,1D1"
"8AP0,3ACL0,4K0","8I0,3ACL0,4AP1,1UZ0,1ALX0"
"4K1,7I1","4K1,7AP0"
"7A0,8AP0","7K0,8I0"
"4F0,3ACM1,11T0","4AM1,6Q1,13AJ1,1AE1"
"4A0,7I0,13BR0","4P0,7K1,6G1,1FO1,3ALY1"
"12CK0,1GV0,11AU0,2M0,7I0,3ACN0","12CK0,1GV1,3ALZ0"
"4F0,1DE0","4F0,1DE0"
"8A0,9I0","8I0,9I0"
"8A0,4E0","8M0,4E0"
"8AP0,4A0","8I0,4M1,6E0"
"13CZ1,4AN1","13CZ1,4E1"
"6M0,2G0,3ACO0","6A1,7Q1"
"7I1,1D1,3ACP0,2I1","7AP1,1D1,3ACP0,2Q1"
"6I0,4AN0","6A1,4Q1,10A1,13AF1"
"4AD1,8E1","4F0,2G0,11MY0,13BN1,8A0,3AMN0"
"9A1,1UZ1","9A1,1UZ1"
"6E0,3ACQ1","6Q1,3AMO1,7A1,4J1"
"4K1,6Q1,2I1","4K1,6Q1,2Q0,1KV0"
"6I0,2I0","6M1,1FO0"
"4P0,8I0","4AD1,13AJ1,1D0,1KQ0"
"7X1,1DI1,1AJ0,1DE1","7AH1,1DI1,1AJ0,1DE1"
"4F0,6I0","4AM1,6AP1"
"8A0","8Q0"
"6Q1,7A1,4K1","6Q1,7E1,4K1"
"7AP0,4F0,11EO0,1W0","7P0,4E0,11EO1"
"4K1,2I1,3ACR0,7AD1","4K1,2Q1,3ACR0,7F1"
"11N0,1CQ0,2I0","11N1"
"11OT0,8AP0,14B0,2I0,7I0","11OT1"
"7AD0,11ACS0,4F0,13AW0,14B0","7AM0,11ACS1"
"6E0,7AH0","6E0,7E1,10E1"
"8A0,1BR0","8A0,1BR0"
"8M0,4P0,6Q0,2I0,13OX1","8E1,1DI0"
"11GX1","11GX1"
"6Q1,7M1,2G1,7M1","6Q1,7I1,2I1,7I1"
"11O0,14B0,4AD0,1KV0,7J0,13BD0","11O1"
"6E0,4AN0","6A0,4M1,1DE1"
"6I0","6M0"
"7I1,6Q1,13BD0","7AP0,11AMP0,4K0,2Q0,12AMQ0,7AP0,13BK0"
"4F0,12AB0,2I0,11AO0,7AH0","4AP1,4AP1,8I1"
"4M0,7P0,7P0","4G0,7AM0,7AM1,1AJ1,1KV1"
"7AP0,11ACT0,1AX0,7AP0","7AH1,6Q1,2I1"
"8AP0,11UY0,4F0","8AP0,11UY1"
"6I0,7AD0","6I0,7A0"
"11EH0,6E0,7AM0","11EH0,6G1,3AMR1,7G0,2M1"
"6E0,11PV0","6E0,11PV1"
"6I0,7J0","6A1,7F1,13CZ1,13R1,3AMS1"
"7G0,11CX0,2G0","7AP0,11CX1"
"7AH0,13ACU0,2I0,2I0","7AP0,13ACU1,7AP1"
"7AD0,11EO0,8A0","7F1,8I1,4G1"
"11LX0,8A0,4AN0","11LX0,8E1,7K1,3AMT1,1EW1,2Q1"
"12H0,11QT0,7M0,8E0,2G0,4E0","12H0,11QT1,1GT0"
"6I0,13BD0","6I0,13BD1,7Q1"
"6I0","6AP1,4AD0,13BZ0,3AMU1"
"7I1,9I1","7AM0,6Q1,4AH1"
"8M0,11ABF0,12ACV0","8Q0,11ABF1"
"6Q1,7I1,1W1,4F1","6Q1,7AP0,4F0"
"7I0,3ACW1,12NS0,7I0","7AD1,6I1,3AMV0,4P1"
"6I0,11ABH0,7P0","6I0,11ABH1"
"4AN0","4A0"
"6I0,4AN0,7X0","6A0,4A0,7Q1,1GY0"
"7AM0,8M0","7J1,3AMW1,1FO1"
"4AN0,7A0,1R0","4X1"
"11BX0,2I0,4F0,14B0,8E0","11BX1"
"7AM0,2I0,3ACX1,1GT0","7AH1,8E1,2AP1,1FK0"
"6Q1,4AD1,3ACY0,1KO1","6Q1,4AD1,3ACY0,1KO1"
"7AD0,9I0,11N0","7AM0,9Q0,11N1"
"4AP0,11DU0,3ACZ1,7K0","4G0,11DU1,1DO1"
"7AM0,2I0,11AT0,4F0,3ADE0","7G0,2Q0,11AT1"
"11HU0,12CK0,7P0","11HU1"
"4F0,2I0,3ADF0,1CY0,13BD0","4A0,2I0,3ADF0,1CY0,13BD1,7P1,1D0"
"11RW1,1CV1","11RW1,1CV1"
"13AW1","13AW1"
"6I0,4AD0","6I0,4X1"
"4X1,6Q1","4I1,6Q1"
"7AP0,4F0,11GW0,8E0","7E1,6Q1,1EF1,3AMX1,1KV0,2Q0,1AGU1"
"4K1,1DI1,7AD1,14B1,1EF1,3ADG1","4K1,1DI1,7F1,14AEZ1,1EF1,3ADG1"
"13CZ0,8I0,7P0,11MY0,9E0,12TZ0","13CZ0,8A0,7M0,11MY0,9E0,12TZ0"
"1GY0,14B0,4F0,7AM0","1GY0,14AJV1"
"2M1","2AP1"
"7P0,11AU0,1KV0","7P0,11AU1"
"7AM0,11FX0,8E0,4F0","7G0,11FX1"
"6E0,4AN0","6G0,4M0"
"11JU0,4AN0","11JU1"
"7I1,6Q1,1EV0,1DM0","7AP0,9I0,11MP0"
"7AP0,2I0,1BN0","7E1,6AP1,4M1"
"4AN0,8I0","4E0,8I0"
"8M1,4F1,3ADH1","8M1,4F1,3ADH1"
"4AD1,6Q1,3ADI1","4AD1,6Q1,3ADI1"
"7P0,4M0,13CZ0","7AP0,4Q1"
"7P0,1GV0,4F0","7J0,1GV0,4J1"
"4AN0,2I0,9I0,11GU0,7I0,3ADJ0","4X1,6Q1,7AH0,1AHR0"
"2M1","2AP1"
"8A0,11IR0,1DN0","8Q0,11IR1"
"7I1,8E1,1CV1","7AP0,6Q1,7AP0,11BX0,12AMY0,7AP0"
"4AM1,6Q1","4AM1,6Q1"
"7J0,13DR0,11MY0,12ADK0,1MU0","7G0,13DR1,1KQ0"
"5FJ0,7AM0,6E0","5FJ0,7P0,6E0"
"4K0,2I0,1ADL0,11IS0,12AB0,3ADM1","4M1,1AF1"
"6E0,3ADN0,2I0","6G1,7P1,3AMZ0"
"2I0,1FO0","2Q0,1FO0"
"7P0","7G0"
"8E1,7AD1,3ADO1","8E1,7F1,3ADO1"
"11EO0,7AP0","11EO1"
"9A1","9A1"
"8E1,7AP1,13D0","8E1,7Q1,13D0"
"11T0,1AI0","11T1"
"7I1,4K1,6G1,1EF1","7G0,8A0"
"7AP0,4F0,13JW0","7I1,6E0"
"8I0,3ADP0,11ADQ0,4F0","8A0,3ADP0,11ADQ1"
"8A0","8A0"
"1BO0","1BO0"
"4AD1,7J1","4AD1,7K1"
"8A0,11ADR0,2I0","8AP0,11ADR1"
"13BD0,2I0,9I0,7G0","13BD0,2Q0,9A1,1UZ1"
"4F0,8A0,7A0","4A0,8Q0,7M0"
"6I0,4AM0","6G0,4X1,3AIQ0"
"8I0,7M0","8A0,7Q1,3ANO0"
"1HK1,7F1","1HK1,7J0,6G1,13BO1,2A1"
"11ACT0,4P0,7P0,8A0","11ACT1"
"8AP0,4F0,1AG0","8AP0,4P1,1R0"
"8I0,9I0,7A0","8Q0,9Q0,7E1,1BD0"
"6E0,4F0","6I0,4F0"
"4AN0,9I0,11JN0,1AG0","4AP1,6Q1,13R0,3ANP1"
"8A0","8AP0"
"4P0,7AM0,11CO0","4E1"
"4F0,2G0,11CF0,7AP0,1DN0,3ADS0,7AP0","4K1,1KQ1"
"6Q1,7A1,3ADT1,9I1","6Q1,7E1,3ADT1,9I1"
"8A0,12ADU0,3ADV1","8AP0,12ADU1"
"7I1,6Q1,2I1","7AP0,3ANQ1,11ABP0,14AEZ1"
"6E0,12CE0","6Q1,7J1,1CV0"
"7I1,8I1,3ADW0","7AP0,2E1"
"7AM0,11JO0,3ADX1,4AN0","7AD1,8M0,1BK0,2AP1"
"11T1","11T0,6Q1,4P1,7AM1,1AHR0,3ANR1"
"11CF0,7P0,7P0","11CF1"
"4J1","4J1"
"2AM1","2M1"
"1W0,9I0,7J0","1W0,9A1"
"8AP0,7P0,3ADY1","8E1,7G0,4AD1"
"2I0,11GU0,7A0,4K0","2AP1,6Q1"
"4F0,7AM0,8A0,7AM0","4AH1,7AP1,8A1"
"7I1,6Q1","7AP0,4F0,2AP1"
"11FR1","11FR1"
"11ADZ0,7AD0,3EJ1,13EV0,4AN0","11ADZ1"
"8A0","8M0"
"6I0","6G0"
"11MX1,1NU0","11MX1,1NU0"
"8E1,5AEF1,1RY1","8E1,5AEF1,1RY1"
"7J0,4AD0,11AEG0,13CZ0,7J0","7M0,4M0,11AEG1"
"2I0,11AO0,7G0,8E0","2I0,11AO1"
"7AH1,4P1,8M1","7AD0,11ACT0,6Q1,7AD1,4P1,1DI1,7AD1"
"6G0,12CE0","6E1,7P0,11JV1"
"11AEH0,7AP0,2I0,3AEI0,12FT0","11AEH1"
"6I0,1BR0","6Q1,7E1,4AM1"
"5FS1,3AEJ0","5FS1,3AEJ0"
"6M0,3ADN0","6M0,3ADN0"
"7P0,3AEK1","7AD1,6G1,1EW0,1FO0"
"13KV0,11C0,2I0,7AM0","13KV0,11C1"
"7P0,4F0,1GV0","7F0,4F0,1GV0"
"7I1,6Q1,4F1,13AEL1","7AP0,11ANS0,12EU0"
"4E0,3AEM1,9I0,4E0,1BK0","4P0,3AEM0"
"6AP0,7AD0","6A1,7J1,1CV1,11PZ1,1IP0"
"8A0,3AEN1,7A0","8E1,7E1,3ANT1,1CT0,14AP1"
"7P0,2AM0,1GY0","7M0,2A1,1AFJ1,3ANU0"
"6I0","6I0"
"6I0","6M1,7M1,1AGU1,1KV1"
"6I0","6M0"
"11AO0,2I0,4F0,3ADN0,7K0,2I0","11AO1"
"6I0,4F0,11CX0,2I0","6I0,4J1"
"8AP0","8A0"
"6E0","6Q1,7G0,11GU1"
"11RW1","11RW0,5FJ0,7M0,2Q0,1CT0"
"8A0,7AH0","8E1,7M0,1AGU0,3ANV0"
"4X0,6E0","4AP1,7AP0,1W0"
"7P0,3AEO0","7K1,8Q1,4J1,3ANW1,1CY1"
"1CQ0","1CQ1,4A0,1AC1,7F1,3ANX0"
"12BY1,1FK1","12BY1,1FK1"
"11AEP0,7AM0,4F0","11AEP1"
"4K1,3AEQ1,1DI1","4K1,3AEQ1,1DI1"
"11AO1","11AO1"
"2G1,3AER0,1DN0","2I0,4E0,7F0,3ANY0"
"6E0,11AES0,4AN0","6AP0,11AES1"
"7AD0,13LM0,12CK0,1DO0","7AD0,13LM0,12CK1,1NU0"
"1CV0","1CV0"
"6E0,7AP0,8A0","6E0,7A0,8A0"
"4AD1,6Q1","4AM0,11CO1"
"6Q1,7AP1,3AET1,2I1","6Q1,7Q1,3AET1,2Q1"
"4F0,11PQ0,7I0","4A0,11PQ1,1BL1"
"4F0,7AM0,13AJ0,3AEU0","4M0,7J0,13AJ0,3AEU0"
"4F0,12CK0,13DN0,7P0","4A0,12CK0,13DN1,1CQ1"
"6M0","6Q1,7AP1,1AGU1,13D0"
"8E1,7AD1,2I1","8E1,7F1,2Q1"
"8AP0,2I0","8I0,2Q0"
"13DH1,1LQ1","13DH1,1LQ1"
"4Q0,11DU0,3GJ1,2I0,14B0,7X0,13AJ0","4M0,11DU1"
"11CI0,12HO0,8E0,2I0,3AEV0","11CI0,12HO1"
"4AM0,1W0","4I1,1AI1,6E0"
"1AI0","1AI1,4X1,7E1,8Q1,2Q0,7E1"
"7AP1,2I1,6Q1,12AEW0,13AEL1","7Q0,4F0,2Q0,1DH0"
"6Q1,4F1,1R0,1EF1,7AP1,3AEX0","6Q1,4F1,1R0,1EF1,7Q1,3AEX0"
"12AB1","12AB0,6Q1,4I1,3ANZ1"
"4A0,7A0,11AU0,6I0,7A0","4A0,7AH0,11AU1"
"4AN0","4A0"
"6I0,7AD0","6A1,7I1,4J1,1EF0"
"7AD0,6I0","7J1,6G1,4K1,3AOP1,11PZ1,1BN0"
"4F0,7AP0,13BN0,13D1","4X1,1LQ1,3AOQ0"
"4P1,1IP1","4P1,1IP1"
"6M0,11BH0,2I0","6E0,11BH1"
"11C0,4F0,7I0,13BK0","11C1"
"4F0,8E1,7M0","4F0,8E1,7I1,2I1"
"6Q1,7F1,1EL1,13AEL1","6Q1,7J1,1EL1,13AEL1"
"7A0,4AN0,11FX0,7A0,8E0,2I0","7AP0,4A0,11FX1"
