original,perturbed
"2A1,4B0,6C0,5D0,4E1,4F1","2A1,4B0,6C0,5D0,4E1,4F1"
"2G1,2H1,6I0,5J0,2K1,5L0,5M1,5N1","2G0,6EN0,3PU1,6GT1,2FV1,2BKV0,1JK1"
"2O1,4P0,3Q1,6R0,4S1,4T1,4U1,2V1","2O1,4P0,3Q1,6R0,4S1,4T1,4U1,2V1"
"2W1,2X1,4Y0,4Z0,6C0,4AB1,2V0,1AC1,4AD0","2W0,6BE0,4CDW0,1EF1,4BQW1,5CF0,2DT0"
"2AE1,6AF0,4AG0,4AH1,6C0,5AI0,2AJ0,2AK0","2AE1,6AF0,4AG0,4AH1,6C0,5AI0,2AJ0,2AK0"
"2AL1,3AM1,4AN0,4AO1,2AP1,5AQ0","2AL1,3AM1,4AN0,4AO0,3IN0,2HK0"
"2G1,4AR1,6AS0,6AT0,5AU0","2G1,4AR1,6AS0,6AT0,5AU0"
"3AV1,1AC1,4AW0,6AT0,4AX0","3AV1,1AC0,6AS0,2ARY1"
"4AY1,3AZ1,6I0,5BC0,4BD0,6BE0,2AK1,2V1,5BF0,6BG0","4AY1,3AZ1,6I0,5BC0,4BD1"
"2BH1,3BI1,6C0,4BJ0,4BK1,6BL0,4BM0","2BH1,3BI1,6C0,4BJ0,4BK1,6BL1"
"4BN1,3BO1,4BP0,6BQ0,2BR0","4BN1,3BO0,6AS0"
"2BS1,2BT1,6BE0,4BU0,5BV0,5AU0","2BS1,2BT1,6BE0,4BU0,5BV0,5AU0"
"2BW1,3BX1,4BY0,5BZ0,4CD1","2BW0,3DK1,4BCL1,6AF0,2JS1,5AJY0,3BLQ0,6I0,4CDX1,2MP1,2FV0"
"2CE1,5CF0,3CG1,6AS0,6BL0,2CH1,5L0","2CE1,5CF0,3CG1,6AS0,6BL0,2CH0"
"2CI0,3CJ1,6CK0,4CL1,2CM0,4CN0","2CI0,3CJ1,6CK0,4CL1,2CM0,4CN0"
"3CO1,4CP0,6AF0,5CQ1,4CR0,5CS1,5CT0,5D0,6BQ0,3CU1","3CO1,4CP0,6AF0,5CQ1,4CR0,5CS1,5CT0,5D0,6BQ0,3CU1"
"3CV1,2AK0,2BS1,6CW0,4CX0,6C0,2X0","3CV0,2FQ0,6BE0,7SW0,2EO0,3CDY0"
"2CY1,2X0,4CZ0,5DE1,5DF1,2DG0,2DH0,3DI0","2CY1,2X0,4CZ0,5DE1,5DF1,2DG0,2DH0,3DI0"
"4AY0,6I0,4DJ0,3DK1,3CK1,2DL0","4AY0,6I0,4DJ0,3DK1,3CK1,2DL0"
"2DM0,6AF0,2CV1,2DN0,5DO1,5DP0,5DQ1","2DM0,6AF0,2CV1,2DN0,5DO1,5DP0,5DQ1"
"4DR0,3DS1,6CK0,2DT0,2DU1,2DV0,3CU0","4DR1,4CDZ0,6C1,4WZ0,1AC0"
"3DW1,4DX0,2AL0,6CK0,4DY0,4DZ1,1EF1,3EG1,3EH0,7EI1,6BE0","3DW1,4DX1,3BDM1,4Y0,4CEF0,6IP0"
"2EJ0,3EK1,6CK0,4EL0,2EM1,3EN1,3EO0","2EJ1,2AK1,4CEG0,4CEH0,2AFV1,4CEI0,3AEZ0"
"2G0,4EP1,6EN0,5EQ0,5ER0,2ES0","2G0,4EP1,6EN0,5EQ0,5ER0,2ES0"
"1ET1,3EU0,6CW0,4EV0,3Q0,3DI0","1ET1,3EU0,6CW0,4EV0,3Q0,3DI0"
"3EW1,4EX1,6EY0","3EW1,4EX1,6EY0"
"2EZ1,4FG1,3DM1,4FH1,2AJ1","2EZ1,4FG1,3DM1,4FH1,2AJ1"
"4FI1,6BL0,3FJ1,4FK1","4FI1,6BL0,3FJ1,4FK1"
"3FL1,4FM1,5FN1","3FL1,4FM1,5FN1"
"2CY0,3AS1,3FO0,3EK1,5FP0,2FQ0,2Q0,4FR0","2CY0,3AS1,3FO0,3EK1,5FP0,2FQ0,2Q0,4FR0"
"4FS0,4FT1,2FU1,2FV0","4FS0,4FT1,2FU1,2FV0"
"4FW0,4FX1,6AF0,4FY0,4CL0,2FZ0","4FW0,4FX1,6AF0,4FY0,4CL0,2FZ0"
"2GH1,4GI0,5GJ0,5GK0,3GL0,2GM0","2GH1,4GI0,5GJ0,5GK0,3GL0,2GM1,1AC0"
"2EZ1,3GN0,6AF0,4GO1,2K0,6I0,4GP0,3DU1","2EZ1,3GN0,6AF0,4GO1,2K0,6I0,4GP0,3DU1"
"1ET1,2X1,2AK0,5GQ0,4GR0,3GS1,6GT0","1ET0,3CO1,6EN0,2AJP0,2AMT0"
"4GU1,2AL1,2AK0,4GV0,2X1,5GW0,5GX1,1AC0,3FL0","4GU1,2AL1,2AK1,4CEJ1,2CEK1,2CEL1,2OQ1"
"3CO1,4GY1,4GZ0,5HI0,5HJ0,2HK0,2HL1,2X0,3HM0","3CO0,6I0,4CEM1,4ADZ1"
"2EZ1,3AM1,6BG0,4FH0,4HN1,4HO1,4AX0","2EZ1,3AM0,2AOW1"
"2A1,3HP1,4HQ0,3HR0,4HS1,6BE0,6BQ0","2A1,3HP1,4HQ0,3HR0,4HS0,2AK0"
"4HT1,3HU1,6BE0,2AJ1,3HV0,5CQ0,3HW0","4HT1,3HU0,6CW0,4CEN1,6AS0,2HX1"
"2G1,2HX1,6AS0,4HY1,4HZ1,3IJ0,6AT0,4IK1","2G1,2HX1,6AS0,4HY0,1AC1"
"4IL1,4IM1,6BG0,3BH0,3IN1","4IL1,4IM1,6BG0,3BH0,3IN1"
"4IO1,3BX1,6BE0,2K1,6IP0,4IQ1","4IO0,6BE0,1EF1,3ADU1,5GK0,3ADX1,2FQ1"
"4FW1,3BI1,6EK0,6EY1,3IR1,3HR0","4FW1,3BI1,6EK0,6EY0,2AOW0"
"2EJ1,3IS0,3IT1,4IU0,1AC0,4IV0","2EJ0,3EY0,3BCS1,5CEO0,5AQY0,3DK0,5ABX1,2JX0"
"4IW1,3HU0,2EZ0,6BE0,3DU0,5IX1","4IW0,6AF0,4AHQ0,2JX0,4CEP0"
"3IY1,4IZ0,6CW0,1JK1,5JL1,6I0,5GK0","3IY1,4IZ0,6CW0,1JK1,5JL0,5AGK0"
"2BW1,4JM0,6AS0,5JN0,4JO0","2BW0,6BE1,4CEQ0,3BNZ1,2GS1,5BPS1,3AQW0,3BES0,2Q1"
"3FL0,6C0,4JP1,4JQ0,3JR0,2JS1","3FL0,6C1,4CER0,6AF0,2ATV1"
"4AY0,6EN0,4JT0,5JU0,2JV1,4JW1","4AY0,6EN0,4JT0,5JU0,2JV1,4JW1"
"2FQ0,6I0,4JP0,2GS0,2JX0,6BL0","2FQ1,4BJN1,6CW0,6BG1,3OP0,6C0,5CES0"
"3CV0,6EN0,4JY0,4JZ1,4KL1,4KM1,3KN1","3CV0,6EN0,4JY0,4JZ1,4KL1,4KM1,3KN1"
"2AE0,6I0,4KO0,3KP1,5HJ1","2AE0,6I0,4KO0,3KP1,5HJ1"
"3CO0,3KQ0,5JL1,4KR0,4KS0,4KT0","3CO1,4RW1,3ACJ1,4CET0,4CEU0,6BL0,4CEV0"
"2BS0,6EN0,3CK0,4KU1,4KV0,4KW0,3KX0","2BS0,6EN0,3CK0,4KU1,4KV0,4KW0,3KX0"
"4KY0,6AF0,3KP1,3KZ0,2EG1,3LM1,4JQ0,3JV0,2IY1","4KY0,6AF1,3CDY0,2EG0"
"3FL0,2LN1,6EN0,4LO0,6BE0,4LP1,5LQ0,2FU0,3IY1","3FL0,2LN1,6EN0,4LO0,6BE0,4LP1,5LQ0,2FU0,3IY1"
"2BH0,3EY1,6AF0,4JP0,2EM1,2LR0","2BH0,3EY1,6AF0,4JP0,2EM0,2DI1,3AS1"
"4LS0,6AF0,4LT1,2LU0,4LV1,3DN0,6BG0,2LW0,2Q0","4LS0,6AF0,4LT1,2LU0,4LV1,3DN0,6BG0,2LW0,2Q0"
"2LX1,3LY0,6AF0,2EZ0,4LZ1,5EQ1,3MN1,2FQ1,5MO1,2MP1,4MQ0,1JK0","2LX1,3LY0,6AF0,2EZ0,4LZ1,5EQ1,3MN1,2FQ1,5MO1,2MP1,4MQ0,1JK0"
"3CO1,4MR0,6AF0,4MS0,6GT0,6AT1,4MT0","3CO0,6I1,5CEW0,4CEX1,4CEY1,2HU1,2BPT1"
"4MU1,3EW1,6BL0,3MV0,4MW1","4MU1,3EW0,6AF0,5CEZ1,2ART1"
"1ET1,3MX1,6EK0,3HR0,3MY1,4MZ0","1ET1,3MX0,2K0,4CFG0,6GT1,4CFH1,5GJ0,1AC1"
"3KZ1,4NO1,3NP0,4NQ0,6BG0,6BL0,4NR1","3KZ1,4NO1,3NP0,4NQ0,6BG0,6BL0,4NR1"
"2EZ1,3NS1,6C0,3NT0,4NU1,2AK1,2NV0","2EZ1,3NS1,6C0,3NT0,4NU1,2AK1,2NV0"
"4BN1,4NW1,2K0,4NX0,6AT1,6EK0,6BL0,4NY0","4BN1,4NW1,2K0,4NX0,6AT1,6EK0,6BL0,4NY0"
"2NZ1,3OP1,2OQ1","2NZ1,3OP1,2OQ1"
"2EJ1,4OR1,4OS1,6EY1,3OT0","2EJ1,4OR1,4OS1,6EY1,3OT0"
"2HR1,3BX1,5J1,2OU1","2HR1,3BX1,5J1,2OU1"
"2OV1,2OW1,4OX1,6GT0,2CH1,4BD0,5OY1","2OV1,2OW1,4OX1,6GT0,2CH1,4BD0,5OY1"
"3OZ1,4PQ0,3IT1,6CW0,3PR0,6I0,1PS0","3OZ1,4PQ0,3IT1,6CW0,3PR0,6I0,1PS0"
"2BW1,2OW1,4PT0,6R0,6PU1,5PV0,6BQ0,2K0,4PW0","2BW1,2OW1,4PT0,6R0,6PU1,5PV0,6BQ0,2K0,4PW0"
"2CY1,4PX1,6AS0,5PY0,3PZ0","2CY1,4PX1,6AS0,5PY0,3PZ0"
"1ET1,3O1,4QR1,4QS0,2QT0,2K0,5CF1","1ET1,3O1,4QR1,4QS0,2QT0,2K0,5CF1"
"2EJ1,3QU1,4QV0,4QW1,6BE0,4QX1,4QY1,6AS0,2OQ0,2K0","2EJ1,3QU1,4QV0,4QW1,6BE0,4QX1,4QY1,6AS0,2OQ0,2K0"
"2LX1,6EN0,4QZ0,4RS1,6C0,3JV1,4RT0,3DU1","2LX1,6EN0,4QZ0,4RS1,6C0,3JV1,4RT0,3DU1"
"2LX1,3BO0,6EN0,1JK0,5GJ1,5FN1,4RU0,3JX0","2LX1,3BO0,6EN0,1JK0,5GJ1,5FN1,4RU0,3JX0"
"3CO1,3RV0,4RW1,4RX0,1AC0,6AT1,4RY0,5RZ1,2ST0","3CO1,3RV0,4RW1,4RX0,1AC0,6AT1,4RY0,5RZ1,2ST0"
"2W0,6BE0,2SU0,2MN1,6AS0,5GK1,3IP0,2IT0","2W0,6BE0,2SU0,2MN1,6AS0,5GK1,3IP0,2IT0"
"1ET0,3CO1,6AF0,2QU0,2SV1,5JN0,2EU0,7SW0,4SX1,3EO0","1ET0,3CO0,2ACV1,6BE1,4CDH1,2BUX1,1PS1"
"1JK0,6I0,4SY0,1EF1,2CU1,6BL0,5CT0","1JK0,6I0,4SY0,1EF0"
"2LX1,4SZ0,6CK0,3TU0,1JK0,4TV0,3TW1","2LX1,4SZ0,6CK0,3TU0,1JK0,4TV0,3TW1"
"3EG0,3EY1,6CJ0,2TX0,4TY0,6EN0,2LW0,2CV1,3CK1,3CJ0,2TZ0","3EG0,3EY1,6CJ0,2TX0,4TY0,6EN0,2LW0,2CV1,3CK1,3CJ0,2TZ0"
"2EZ0,3AF1,3CV0,6BE0,5IX0,6BQ0,3DS1,6BL0,3JR0","2EZ0,3AF1,3CV0,6BE0,5IX0,6BQ0,3DS1,6BL0,3JR0"
"1PS1,3SV1,6BG0,5JL0,4UV1,4UW0","1PS1,3SV1,6BG0,5JL0,4UV1,4UW0"
"2CY1,3UX1,4UY1,4UZ0,3VW0,4VX0,2V0","2CY1,3UX1,4UY1,4UZ0,3VW0,4VX0,2V0"
"4VY1,4VZ1,6AS0,3WX0,2K1,6BL1","4VY1,4VZ1,6AS0,3WX0,2K1,6BL1"
"2G1,4WY1,6EY1,5N1,6BG0,4QR0,4NR0","2G1,4WY1,6EY1,5N1,6BG0,4QR0,4NR0"
"4WZ1,3BO1,4AN0,2XY1,6BE0,4XZ0,5J0","4WZ1,3BO1,4AN0,2XY1,6BE0,4XZ0,5J0"
"2BS1,2YZ1,4ABC1,2ABD1","2BS1,2YZ1,4ABC1,2ABD1"
"2G1,4ABE1,2NV1,4ABF0,4ABG1","2G1,4ABE1,2NV1,4ABF0,4ABG1"
"4ABH1,4ABI1,6BE0,3NT1","4ABH1,4ABI1,6BE0,3NT1"
"4ABJ1,3BX1,5CF0,6I0,4ABK0,5ABL1,4ABM1,6BQ0","4ABJ1,3BX1,5CF0,6I0,4ABK0,5ABL1,4ABM1,6BQ0"
"2AL1,4ABN1,4ABO1,4ABP1,2ABQ1","2AL1,4ABN1,4ABO1,4ABP1,2ABQ1"
"2EZ1,4ABR1,3AL1,5BV1,5ABS0","2EZ1,4ABR1,3AL1,5BV1,5ABS0"
"2AL1,2H1,3CG1,5ABT0,5BV1,4PT0","2AL1,2H1,3CG1,5ABT0,5BV1,4PT0"
"4BN1,6EN0,4ABU0,3CW1,6GT0,4ABV0","4BN1,6EN0,4ABU0,3CW1,6GT0,4ABV0"
"1PS1,6CJ0,2X1,4ABW0,5ABX1,2HX0","1PS1,6CJ0,2X1,4ABW0,5ABX1,2HX0"
"3DW1,3ABY0,2BW1,6GT0,2X0","3DW1,3ABY0,2BW1,6GT0,2X0"
"1ET1,6CJ0,3ABZ0,6C0,5ACD0,2ACE1","1ET1,6CJ0,3ABZ0,6C0,5ACD0,2ACE1"
"4ACF0,6C0,6BG0,3KZ0,4ACG1,5JN0,2AZ1,1JK1","4ACF1,2OW0,4CFI1,6I0,1AC1"
"2ACH0,6BE0,4SY0,2MP0,7EI1,6AS0","2ACH0,6BE0,4SY0,2MP0,7EI1,6AS0"
"4ACI1,3ACJ1,4ABF1","4ACI1,3ACJ1,4ABF1"
"2EZ1,6AS0,4QV1,2ABD1","2EZ1,6AS0,4QV1,2ABD1"
"2AL1,4ACK1,4ACL1,4ACM0,2ACN1,5GX1","2AL1,4ACK1,4ACL1,4ACM0,2ACN1,5GX1"
"1ET1,4ACO1,4FH1,6GT0,5ACP0","1ET1,4ACO1,4FH1,6GT0,5ACP0"
"1JK1,2HX0,6EN0,3Q1,5ACQ0,5ABX0,3AZ0,6EK0,3EO0","1JK1,2HX0,6EN0,3Q1,5ACQ0,5ABX0,3AZ0,6EK0,3EO0"
"3ACR1,4ACS0,6AF0,5IX1,2DL0","3ACR1,4ACS0,6AF0,5IX1,2DL0"
"2LX1,3ACT0,6EN0,5HJ1,2DG0,4ACU0,3ACV0","2LX1,3ACT0,6EN0,5HJ1,2DG0,4ACU0,3ACV0"
"3ACW1,4ACX0,6AF0,4ACY0,4ACZ1,3CV1,5ACD0,3DU0","3ACW1,4ACX0,6AF0,4ACY0,4ACZ1,3CV1,5ACD0,3DU0"
"3DW1,6AF0,4ADE0,4ADF1,5ADG1,6AS0,4WZ0,1EF0","3DW1,6AF0,4ADE0,4ADF1,5ADG1,6AS0,4WZ0,1EF0"
"3CO1,4ADH0,3DS0,5ADI1","3CO1,4ADH0,3DS0,5ADI1"
"3ADJ1,2X0,6I0,4ADK1,6AT1,5CQ1,4EL0,4CN0,2DU1,5GK0","3ADJ0,6AF0,6BE0,4CFJ1,2CFK0"
"2DM0,3EK1,6CK0,4ADL0,1EF1,6BE0,2LW0,5ADM0,3JR1,7SW0","2DM1,4CFL0,3ABZ0,2K0,2EZ0,6AF0,3CU0"
"2CI1,4ADN1,6BE0,3ADO0,4IU1,5JL0","2CI1,4ADN1,6BE0,3ADO0,4IU1,5JL0"
"4KY1,3ADP1,4ADQ0,6BL1,4ADR1,5ADS0,3UX1","4KY0,6EN1,2Q1,2BX0,5BEZ0"
"4ADT0,6AF0,3ADU0,7SW0,3ADV1,7EI1,2CV0","4ADT0,6AF0,3ADU1,1EF1,4ACZ0,6BE0,4BOT1,2CFM0"
"4ADW0,4JT1,6AF0,6C0,1JK0,2FU0,7EI1,3ADX0,4ADY0","4ADW0,4JT1,6AF0,6C0,1JK0,2FU0,7EI1,3ADX0,4ADY0"
"4ADZ1,4AEF0,6AF0,3JR1,2AEG0,6AS0,4AEH0,6AT1","4ADZ1,4AEF0,6AF0,3JR1,2AEG0,6AS0,4AEH0,6AT1"
"4AEI1,4AEJ0,6AF0,6IP1,3AEK1,3AEL0,7EI1","4AEI1,4AEJ0,6AF0,6IP1,3AEK1,3AEL0,7EI1"
"2G1,2HX1,6I0,3IN0,6EY1,6BL1,4AEM0,1AC1","2G1,2HX1,6I0,3IN0,6EY1,6BL1,4AEM0,1AC1"
"2CY0,4AEN1,3AEO1,2AZ1,5IX0,6AT1,4AEP1,5AEQ1,5ACQ0,4AER0,3DI1,4AES1","2CY0,4AEN1,3AEO1,2AZ1,5IX0,6AT1,4AEP1,5AEQ1,5ACQ0,4AER0,3DI1,4AES1"
"2CY1,3BI0,6CJ0,5AET0,1JK1,2AEU0,2AEG0,4AEV0,2EZ0,2AL0","2CY1,3BI0,6CJ0,5AET0,1JK1,2AEU0,2AEG0,4AEV0,2EZ0,2AL0"
"2A1,3AEW1,4AEX0","2A1,3AEW1,4AEX0"
"4EL1,2AEY0,6CW0,2AEZ1,4AFG0,4AFH0,4ACY1,2EZ0,3PR0,3CU1","4EL1,2AEY0,6CW0,2AEZ1,4AFG0,4AFH0,4ACY1,2EZ0,3PR0,3CU1"
"2LW1,2X0,5AFI1,4MU1,6EN0,2AEZ1,4AFJ0,3SV0,4AFK1","2LW1,2X0,5AFI1,4MU1,6EN0,2AEZ1,4AFJ0,3SV0,4AFK1"
"2BW1,4AFL1,6I0,3ADO0,5J1,5GK1,3DU0","2BW1,4AFL1,6I0,3ADO0,5J1,5GK1,3DU0"
"2A0,4AFM0,6EN0,4AFN0,2IY0,2EG0,6BE0,5GK1","2A0,4AFM0,6EN0,4AFN0,2IY0,2EG0,6BE0,5GK1"
"4AFO0,3CK1,6AF0,3JX0,2AFP1","4AFO1,3CFN0,6AF0,4CFO0"
"4AFQ0,3CK0,6CK0,7SW1,2AFR0","4AFQ0,3CK0,6CK0,7SW1,2AFR0"
"1ET0,6AF0,3BE0,7SW0,7EI0,2AV1,5AFS0","1ET0,6AF0,3BE1,4BKT0,2AZ1"
"4AY1,6C0,3ADO0,3Q1,2V0,4AFT1","4AY1,6C0,3ADO0,3Q1,2V0,4AFT1"
"2W1,6AF0,3DL1,4AFU0,2AFV0,5AFW1,5AFX0,1AC0,4AFY0,2AFZ1","2W1,6AF0,3DL1,4AFU0,2AFV0,5AFW1,5AFX0,1AC0,4AFY0,2AFZ1"
"2CY1,4AGH0,4AGI1,4AGJ1,3DU1,5ABX0,5AGK1","2CY1,4AGH0,4AGI1,4AGJ1,3DU1,5ABX0,5AGK1"
"4AY1,3AGL0,6C0,4AGM1,4AGN1","4AY1,3AGL0,6C0,4AGM1,4AGN1"
"3CO1,4AGO1,6AS0,2OU1,5AGP1","3CO1,4AGO1,6AS0,2OU1,5AGP1"
"4KY1,3BI1,6EK0,3AGQ0,5BZ1,3QU1,2HK1,4AGR1,4AGS1,3OP1","4KY1,3BI1,6EK0,3AGQ0,5BZ1,3QU1,2HK1,4AGR1,4AGS1,3OP1"
"2G1,4Z1,6EY1,2OQ0,3AGT0,4AGU0,5AGV1,3QU1","2G1,4Z1,6EY1,2OQ0,3AGT0,4AGU0,5AGV1,3QU1"
"1JK1,4AGW1,3AGL1,3AL0,5BF1,2V0","1JK1,4AGW1,3AGL1,3AL0,5BF1,2V0"
"4AGX0,4AGY1,3CO0,6CK0,3EN1,2AGZ0","4AGX0,4AGY0,4CDL1"
"1PS0,6I0,4AHI1,2CM0,6BE0,3AFR0,3AHJ0,2AHK0","1PS0,6I0,4AHI1,2CM0,6BE0,3AFR0,3AHJ0,2AHK0"
"2G0,4AHL1,6AF0,3KZ0,2FU0,7EI1,3JX0,3EN0","2G0,4AHL1,6AF0,3KZ0,2FU0,7EI1,3JX0,3EN0"
"1JK0,4AHM0,6BE0,4AHN0,5D0,5GK1","1JK0,4AHM0,6BE0,4AHN0,5D0,5GK1"
"3KZ0,3EY0,6EN0,4KT1,2TW0,2AHO1,2DW0","3KZ0,3EY0,6EN0,4KT0"
"4AHP0,6AF0,4AHQ0,4AHR1,5AHS0,3AT1,5AHT1,3DS0,3BE0","4AHP0,6AF0,4AHQ0,4AHR1,5AHS0,3AT1,5AHT1,3DS0,3BE0"
"4RW0,6C0,3IP1,3CW0,5CF1","4RW0,6C0,3IP1,3CW0,5CF1"
"1PS0,4AHU1,6EN0,3IY0,5AHV1,5FP0,3CK0","1PS1,4VZ0,4CFP0,6AIT0,4CFQ0"
"4AHW0,6BQ0,4AHX1,2MP0,6BG1,3ACW1","4AHW0,6BQ0,4AHX1,2MP0,6BG1,3ACW1"
"2CY0,4AHY1,1PS0,3KZ0,6EN0,3JR1,4AHZ1,7SW1","2CY0,4AHY1,1PS0,3KZ0,6EN0,3JR1,4AHZ1,7SW1"
"4AIJ0,6BG1,6EN0,3AIK1,3ADU0,4KM1,2ACW0","4AIJ1,3OP0,6CW0,4CFI0,4CFR1,3CFS0,2BMY0"
"4ABJ1,3HP0,6CJ0,6C0,3EN1,1JK1,4AIL1,4AIM0","4ABJ1,3HP0,6CJ0,6C0,3EN1,1JK1,4AIL1,4AIM0"
"4AIN1,3QU0,5AIO0,2X1,4AIP0,4AIQ0","4AIN1,3QU0,5AIO0,2X1,4AIP0,4AIQ0"
"4AHP1,6I0,4AIR0,4AIS1,3BX0,3BQ0","4AHP1,6I0,4AIR0,4AIS1,3BX0,3BQ0"
"4FW1,2X1,6AIT0,4QR0,6PU1,2V0,6BG1","4FW1,2X1,6AIT0,4QR0,6PU1,2V0,6BG1"
"2W1,2OW1,6AS1,2HK1,2AIU1","2W1,2OW1,6AS1,2HK1,2AIU1"
"2AIV1,3QU1,3MV0,4AIW0,6EY1,6GT1,6C0,2K1,5CQ1","2AIV1,3QU1,3MV0,4AIW0,6EY1,6GT1,6C0,2K1,5CQ1"
"4AIX1,3DL1,3CG0,6I0,5JL1,5CF0,1AIY1","4AIX1,3DL1,3CG0,6I0,5JL1,5CF0,1AIY1"
"4AY1,2OW1,3AIZ0,6EY1,6BE0,3HR0,5ADG1,4AJK1","4AY1,2OW1,3AIZ0,6EY1,6BE0,3HR0,5ADG1,4AJK1"
"4AJL1,4AJM0,2NZ1,6C0,3CW1,3GS1,2ABQ0,4AJN1,4AJO1,3AJP1","4AJL1,4AJM0,2NZ1,6C0,3CW1,3GS1,2ABQ0,4AJN1,4AJO1,3AJP1"
"1JK1,6I0,3AJQ0,4AJR1,5AJS0,5AJT0,7EI0","1JK1,6I0,3AJQ0,4AJR1,5AJS0,5AJT0,7EI0"
"2EJ1,4IZ1,4PT0,6I0,5N1,4AJU0,4AJV0","2EJ1,4IZ1,4PT0,6I0,5N1,4AJU0,4AJV0"
"4AJW1,6CJ0,3OP0,5AJX0,4QZ0,2FQ1,6C0,5AJY0,1AC0,3DI1","4AJW1,6CJ0,3OP0,5AJX0,4QZ0,2FQ1,6C0,5AJY0,1AC0,3DI1"
"2ACE1,4CP0,3AEK1","2ACE1,4CP0,3AEK0,2AEG0"
"3CV1,3BI0,2AL1,4F0,3AEK1,3AZ0,1AC1","3CV1,3BI1,6C0,4CFT0,4CFU0,2AFV1,2K1,2AKL1,5AGK1"
"4AJZ1,2OW1,6I0,3HR0,6EY1,3HP1,2AKL0,5CQ0","4AJZ1,2OW1,6I0,3HR0,6EY1,3HP1,2AKL0,5CQ0"
"1JK0,4AKM0,6BE0,5AKN0,4AKO1","1JK0,4AKM0,6BE0,5AKN0,4AKO1"
"2LX1,4AKP0,2AKQ0,2G0,6AF0,3DL0,4ABH0,3CJ1,7SW0,4AKR1,2AKS0","2LX1,4AKP0,2AKQ0,2G0,6AF0,3DL0,4ABH0,3CJ1,7SW0,4AKR1,2AKS0"
"1PS1,3AZ0,6AF0,6GT1,5AKT0,5AKU0,1ET1","1PS1,3AZ0,6AF0,6GT1,5AKT0,5AKU0,1ET1"
"2G0,6BE0,4AKV1,2AZ1,4AKW0,3LN0,2MP1,5AKX0","2G0,6BE0,4AKV1,2AZ1,4AKW0,3LN0,2MP1,5AKX0"
"4AHP0,3CK1,2AKY0,3AKZ0,5IX0,3CO1,4RW0,6IP1,6BG1,5ALM0,3AEK0,4ALN1,4ALO0,3FO1","4AHP0,3CK1,2AKY0,3AKZ0,5IX0,3CO1,4RW0,6IP1,6BG1,5ALM0,3AEK0,4ALN1,4ALO0,3FO1"
"1JK0,4AFM1,6EN0,2LX0,5ALP1,4ALQ0,5ALR1,5ALS1,2CV0","1JK0,4AFM1,6EN0,2LX0,5ALP1,4ALQ0,5ALR1,5ALS1,2CV0"
"4AY0,3OZ1,2BH0,2FV0,3ALT0,2DU1,3AV1,2LX0","4AY0,3OZ1,2BH0,2FV0,3ALT0,2DU1,3AV1,2LX0"
"2ACH1,3ALU0,3CO1,4ALV0,6C0,4ALW0","2ACH1,3ALU0,3CO1,4ALV0,6C0,4ALW0"
"2AL0,3PU0,6C0,2CV0","2AL1,3BX1,4CFV0,5ADG1"
"4ALX1,4ALY0,6AF0,4ALZ1,6ADU1,4AMN1,2EZ1,5AMO1,6BE0,4AMP0,4HY0,2X0","4ALX1,4ALY0,6AF0,4ALZ1,6ADU1,4AMN1,2EZ1,5AMO1,6BE0,4AMP0,4HY0,2X0"
"1ET0,3AT1,6AF0,4AMQ1,2DN1,5ALS0,2MP0,2AMR0","1ET0,3AT1,6AF0,4AMQ1,2DN1,5ALS0,2MP0,2AMR0"
"4DR0,6I0,4AMS1,5AET0,1JK0,5PY1","4DR0,6I0,4AMS1,5AET0,1JK0,5PY1"
"2AL0,3BE1,6AF0,2AMT1,5AET0,4DY1,3AEK0","2AL0,3BE1,6AF0,2AMT1,5AET0,4DY1,3AEK0"
"2DM0,6BE0,4JT1,1EF1,3BG1,4AMU1,4CL1,2FQ1,5ALS0","2DM0,6BE1,3BE0,3CFW0"
"4AMV0,4AMW0,6EN0,6AS1,4AMX0,3AMY0","4AMV0,4AMW0,6EN0,6AS1,4AMX0,3AMY0"
"2AE0,3AHJ1,6C1,6EN0,4AMZ1,3CV0,5ANO1,3CO1,2EW0","2AE0,3AHJ1,6C1,6EN1,5BMZ0,4CFX1,6APR1,2CFY0"
"2OV0,6BE0,4ANP1,3KZ0,4ANQ0,6BG1,4ANR0","2OV0,6BE0,4ANP1,3KZ0,4ANQ0,6BG1,4ANR0"
"1PS0,4ANS1,6I0,5ANT0,4ANU0,2AZ1,4ANV1,3AV0","1PS0,4ANS0,6AIT1,3ADU0,5AJT0,4BOV0,4CFZ0,2ACR0"
"2CE0,6AF0,3ADX0,4ANW1,5ANX1,3EK1","2CE0,6AF0,3ADX0,4ANW1,5ANX1,3EK1"
"2CE0,3AS1,3CV0,4AER0,6I0,4ANY0,6BQ1,4ANZ0","2CE0,3AS1,3CV0,4AER0,6I0,4ANY0,6BQ1,4ANZ0"
"2OV1,2AOP0,3ADP1,2BT1,5AOQ0","2OV1,2AOP0,3ADP1,2BT0,1AC1,5BCG1,2AK0"
"2AOR1,2OW1,6C1,4AOS1,2NV0","2AOR1,2OW1,6C1,4AOS1,2NV0"
"1PS1,2X1,6R0,2AOT0,4AOU1,6BQ1,3OP0","1PS1,2X1,6R0,2AOT0,4AOU1,6BQ1,3OP0"
"2O1,2H1,6BE0,4AOV0,6GT1,2AOW1,2NV0,2AKL1,4AOX0","2O1,2H1,6BE0,4AOV0,6GT1,2AOW1,2NV0,2AKL1,4AOX0"
"3ADX1,3AOY0,4AOZ1,4APQ0,6APR0,4APS1,2APT0,2APU0","3ADX0,3CGH1,7SW0,4CGI1,6BE1,3CK0,3BL1"
"2DN1,4APV0,6EN0,1JK1,4APW1","2DN1,4APV1,2AOP0,3OP0,6APR0,5CGJ0,6AIT1,4AJN1,1AC1"
"4APX0,4APY1,6AF0,3FO0,5APZ0,1JK1","4APX0,4APY1,6AF0,3FO0,5APZ0,1JK1"
"3CO1,3BI0,6AF0,3KZ0,5JU1,6AS1,3OZ1,7EI0","3CO1,3BI0,6AF0,3KZ0,5JU1,6AS1,3OZ1,7EI0"
"3TU0,4AQR1,6C1,7EI0,3AQS0,1JK0,2AQT0,5AQU1","3TU1,2XY0,6CW0,4CFP0,6GT1,2AEG0"
"4VY0,4AEN1,6EN0,4AQV0,5ACD1,6BG1,2AFP0","4VY0,4AEN1,6EN0,4AQV0,5ACD1,6BG1,2AFP0"
"1ET0,3AQW1,2AQX0,6R0,6ADU1,2ACV1,2EO0","1ET0,3AQW1,2AQX0,6R0,6ADU1,2ACV0"
"3IT0,3R0,5AQY0,6EN0,3AHJ0,5ALR1,2GS0,2AT1,3KP0,4AQZ0","3IT0,3R0,5AQY0,6EN0,3AHJ0,5ALR1,2GS0,2AT1,3KP0,4AQZ0"
"4ARS1,4AEJ0,3AJP0,6C1,2HX0,2ART0,5ARU0,5ARV0","4ARS1,4AEJ0,3AJP0,6C1,2HX0,2ART0,5ARU0,5ARV0"
"4ABJ1,3BX0,4ARW1,4ARX0,3OZ0,3BQ1,2ARY1","4ABJ1,3BX0,4ARW1,4ARX0,3OZ0,3BQ1,2ARY1"
"1ET1,2BT0,4GV0,4ARZ1,6CW0,6BQ1,6AF0,4AST1,3AJP1,5ASU0","1ET1,2BT0,4GV0,4ARZ1,6CW0,6BQ1,6AF0,4AST1,3AJP1,5ASU0"
"4VY1,3ABY0,2DG1,4ASV0,5ASW1,2HX1,5GK1,1AC0","4VY1,3ABY0,2DG1,4ASV0,5ASW1,2HX1,5GK1,1AC0"
"4ASX0,3R0,5ASY0,6I0,2DI1,3ADU0","4ASX0,3R1,6AF0,5CT1"
"3CO0,4ASZ0,6CK0,3ATU1,2ATV0,2EK1,2AQS0","3CO0,4ASZ0,6CK0,3ATU1,2ATV0,2EK1,2AQS0"
"2CE0,3EY1,3DW0,2ATW0,2ATX0,3ADU1,2JR1,4ATY1,2FL0,4AKO0","2CE0,3EY1,3DW0,2ATW0,2ATX0,3ADU1,2JR1,4ATY1,2FL0,4AKO0"
"4FW0,4ATZ1,6CJ0,4AUV0,5ANT0,6EK0,6BG1,4AUW1,5AUX1,3MN0,2GS1,2MP1","4FW0,4ATZ0,5CGK0,6EN0,3ADU1,2CV0"
"4AUY1,2X0,6EN0,3JR1,5DO1,6AS1,4ARZ0","4AUY1,2X0,6EN0,3JR1,5DO1,6AS1,4ARZ0"
"4AUZ1,2AEY1,6EK0,4AVW0,5AGK1,5CF0,5ABS1,6BL1","4AUZ1,2AEY1,6EK0,4AVW0,5AGK1,5CF0,5ABS1,6BL1"
"4AVX1,4AVY0,6AF0,4AHP1,6AS1,4AMN1,4AVZ1,4AWX0,1AC0","4AVX1,4AVY0,6AF0,4AHP1,6AS1,4AMN1,4AVZ1,4AWX0,1AC0"
"4AWY1,1JK1,2X0,4AWZ1,4F0,4AXY0,5AXZ1","4AWY1,1JK1,2X0,4AWZ1,4F0,4AXY0,5AXZ1"
"4AWY1,4AFG1,5CF1,6BE0,3ACW1,3AJP1,2AYZ0","4AWY1,4AFG1,5CF1,6BE0,3ACW1,3AJP1,2AYZ0"
"4BCD1,5CF0,6C1,5BCE1,2XY1,5BCF0","4BCD1,5CF0,6C1,5BCE1,2XY1,5BCF0"
"1PS1,3BX1,5PY0,2AOT1,5BCG1,6BL1,2BCH0","1PS1,3BX1,5PY0,2AOT1,5BCG1,6BL1,2BCH0"
"2AL1,2AEY1,6BE0,5GX1,3BCI0,5CF1","2AL1,2AEY1,6BE0,5GX1,3BCI0,5CF1"
"4ACF1,4NW1,3OP1,3HR0,6BE0,6AT1,6BL1","4ACF1,4NW1,3OP1,3HR0,6BE0,6AT1,6BL1"
"2CI0,3EK0,6AF0,5FP1,2C1,4BCJ0,2AHO1,5AKX0","2CI0,3EK0,6AF0,5FP1,2C1,4BCJ0,2AHO1,5AKX0"
"4AIN0,3OZ0,6R0,4AEN0,7SW0,7EI0,5BCK0","4AIN0,3OZ0,6R0,4AEN0,7SW0,7EI0,5BCK0"
"4BCL0,2GS0,4BCM0,3BCN0,5ARV1","4BCL0,2GS0,4BCM0,3BCN0,5ARV1"
"4BCO0,3AS1,6EN0,4BCP0,6ADU1,2BCQ1,2DL1,7EI0","4BCO1,3HU0,5BEV0,6EK0,4CGL1"
"1JK0,4BCR0,6BE1,3BCS1,6AF0,5BCT1,2CJ1","1JK0,4BCR0,6BE1,3BCS1,6AF0,5BCT1,2CJ1"
"4BCU1,3AZ1,6C1,3OP0,4BCV0,2AFZ1,3AEW1","4BCU1,3AZ1,6C1,3OP0,4BCV0,2AFZ1,3AEW1"
"4BCW1,2X1,2AOP0,6C1,1AC1,6BE1,2OW0","4BCW1,2X1,2AOP0,6C1,1AC1,6BE1,2OW0"
"4FW1,5CF0,4BCX0,6I0,4OR1,4BCY1,6IP1,5DF0,5BC1","4FW1,5CF0,4BCX0,6I0,4OR1,4BCY1,6IP1,5DF0,5BC1"
"2A1,4AVY1,6GT1,6I0,3OP0,5ACP1","2A1,4AVY1,6GT1,6I0,3OP0,5ACP1"
"3ADJ1,4APQ1,3AGL0,5ACQ0,6R0,2BCZ0,4BDE0,1AC0","3ADJ1,4APQ1,3AGL0,5ACQ0,6R0,2BCZ0,4BDE0,1AC0"
"2CI1,3BDF0,6BQ1,4BDG1,2APU1","2CI1,3BDF0,6BQ1,4BDG1,2APU1"
"2BDH1,3HU0,6AF0,4GV0,3CW1,3DU0,2NZ1,5BDI0","2BDH1,3HU0,6AF0,4GV0,3CW1,3DU0,2NZ1,5BDI0"
"2OV1,4BDJ0,5BDK0,6C1,6I0,4OR1,4BDL0","2OV1,4BDJ0,5BDK0,6C1,6I0,4OR1,4BDL0"
"2CE1,3AJP1,6C1,4ACO1,2AKL1,3BDM1,3BDN0","2CE1,3AJP1,6C1,4ACO1,2AKL1,3BDM1,3BDN0"
"1PS1,3AQX1,4BDO0,6I0,6AS1,5AOQ0","1PS1,3AQX1,4BDO0,6I0,6AS1,5AOQ0"
"2CI1,6AF0,4AGM1,4BDP0,2XY1,4BDQ1,4BDR0,2K1,5BDS0","2CI1,6AF0,4AGM1,4BDP0,2XY1,4BDQ1,4BDR0,2K1,5BDS0"
"2EZ1,4BDT0,2X1,6BE1,4BDU1,4BDV1","2EZ1,4BDT0,2X1,6BE1,4BDU1,4BDV1"
"2CE0,6BE1,3C1,4BCW0,2AGZ0,3JR0,5ANX0,5AHT1","2CE0,6BE1,3C1,4BCW1,4CGM1,1JK1,2AGQ0"
"4HT0,3DS1,6BQ1,2HM1,2AEW1,2CY0,2BDW1","4HT0,3DS1,6BQ1,2HM1,2AEW1,2CY1"
"2AL0,4BDX1,6EN0,6BG1,3BCQ0,5ACD1,5BDY1,2AFP0","2AL0,4BDX1,6EN0,6BG1,3BCQ0,5ACD1,5BDY1,2AFP0"
"2CY0,3KN1,6CK0,2ACV1,5ANT0,4BDZ1,2ES1,5ASY0","2CY1,3BMY0,6AF0,5BIU0,4BN1,6C0,6BL1"
"3JV0,7SW0,6BE1,2Q1,2LX0,7EI0,2SV0,2AGZ0","3JV0,7SW0,6BE1,2Q0,2TW0"
"3ADJ0,6BE1,2BI0,3EY1,3ADX1","3ADJ0,6BE1,2BI0,3EY1,3ADX1"
"2CE0,2LX0,6CJ0,6BE1,3KZ0,3KN0,6AF0","2CE0,2LX0,6CJ0,6BE1,3KZ0,3KN0,6AF0"
"2BH0,3AHJ1,4AWY0,6BE1,3ACR0,6I0,2EO0","2BH0,3AHJ1,4AWY1,5BC1,6C0,1JK0,2AMT0"
"4BEF1,2EZ0,6AF0,3GS1,3DN0,4BEG1,1JK1","4BEF1,2EZ0,6AF0,3GS1,3DN0,4BEG1,1JK1"
"4BEH1,4HT0,6AF0,4SY1,4BEI0,4BEJ0,4BEK1,4BEL1,1JK0","4BEH1,4HT0,6AF0,4SY1,4BEI0,4BEJ0,4BEK1,4BEL1,1JK0"
"3JR1,4BEM0,6APR0,4BEN0,4BCP1,6AF0,2BQ1,4BEO1,2HU0,1EF0","3JR1,4BEM0,6APR0,4BEN0,4BCP1,6AF0,2BQ1,4BEO1,2HU0,1EF0"
"3AT0,3BCS0","3AT0,3BCS0"
"4BEP0,6I1,5AOQ1,2DS1,4BEQ0","4BEP0,6I1,5AOQ1,2DS1,4BEQ0"
"4BN0,6BE1,4BER0,3BCS1,6I1,3BES0,4BET1,2CO0","4BN0,6BE1,4BER0,3BCS1,6I1,3BES0,4BET1,2CO0"
"4BEU0,2AFR0,5BEV1,2JX1,3BES1","4BEU0,2AFR0,5BEV1,2JX1,3BES1"
"1PS0,6BE1,2TZ0,2CU1,6I1,4BEW0,5ALS1,7BEX1","1PS0,6BE0,4CGN0,2CV1"
"2G1,3ABY0,5BEY0,4F0,5BEZ1,4BFG1,2AEG1,6AS1,4WZ1,1AC1","2G1,3ABY0,5BEY0,4F0,5BEZ1,4BFG1,2AEG1,6AS1,4WZ1,1AC1"
"3ACR1,4GZ0,1JK1,3ABZ0,6APR0,5BFH0,7EI0,2ART1,5BFI0","3ACR1,4GZ0,1JK1,3ABZ0,6APR0,5BFH0,7EI0,2ART1,5BFI0"
"3EK1,4HT1,4BEM0,2BFJ0,3ABY0,3MX1","3EK1,4HT1,4BEM0,2BFJ0,3ABY0,3MX1"
"4BFK1,4NO0,2AE1,6BE1,6CW0,3AJP0,4BFL1","4BFK1,4NO0,2AE1,6BE1,6CW0,3AJP0,4BFL1"
"3CV1,3HU0,4T0,7SW0,3ACT0,6GT1,3BFM0,2LU0","3CV1,3HU0,4T0,7SW0,3ACT0,6GT1,3BFM0,2LU0"
"1ET1,4BFN0,5BFO0,2X0,5BFP1,4BFQ0,6CW0,4BFR1,4BFS0,5BFT0","1ET1,4BFN0,5BFO0,2X0,5BFP1,4BFQ0,6CW0,4BFR1,4BFS0,5BFT0"
"2G0,3JX1,5BC1,3OZ1,5BFU0,3ATV0,4BFV1,4BFW0,3CU0","2G0,3JX1,5BC1,3OZ1,5BFU0,3ATV0,4BFV1,4BFW0,3CU0"
"3ADJ1,3MX0,6EN0,4BFX1,4BFY0,5JN0,5ALS1,3Q1,6C1,1ET1,3AEK0","3ADJ1,3MX0,6EN0,4BFX1,4BFY0,5JN0,5ALS1,3Q1,6C1,1ET1,3AEK0"
"3CO1,2OW0,4BFZ1,5BGH0,4BGI0,6EK1,2LU1","3CO1,2OW0,4BFZ1,5BGH0,4BGI0,6EK1,2LU1"
"4BN1,3ABZ0,4BGJ0,6ADU1,2DG0,3BGK1,3AJP0,4BGL0","4BN1,3ABZ0,4BGJ0,6ADU1,2DG0,3BGK1,3AJP0,4BGL0"
"3CO1,2X0,2BH1,4BGM0,2DG0,3BFM0,4BGN0,3ACV0","3CO1,2X0,2BH1,4BGM0,2DG0,3BFM0,4BGN0,3ACV0"
"2CE1,3QU0,4BGO1,5BGP1,6CK0","2CE1,3QU0,4BGO1,5BGP1,6CK0"
"1JK1,4BGQ0,6EN0,7SW0,2HL1,5BGR0,5GK0,5ALR1","1JK1,4BGQ0,6EN0,7SW0,2HL1,5BGR0,5GK0,5ALR1"
"2BW1,3OP0,4BGS0,2X1,6BE1,5CS0,4BGT1,5ACP1,4BGU0","2BW1,3OP0,4BGS0,2X1,6BE1,5CS0,4BGT1,5ACP1,4BGU0"
"2CI1,6CW0,2AEY0,4BGV1,4BGW0,3AFP1,5ALP0","2CI1,6CW0,2AEY0,4BGV1,4BGW0,3AFP1,5ALP0"
"4AUZ1,3BO0,6AF0,4BGX1,3BQ1,4BGY0,3DN1,1JK1,4BGZ0","4AUZ1,3BO0,6AF0,4BGX1,3BQ1,4BGY0,3DN1,1JK1,4BGZ0"
"2CE1,4BHI0,5GJ0,2K0,4BHJ1,3HM1,4F1,4BHK1","2CE1,4BHI0,5GJ0,2K0,4BHJ1,3HM1,4F1,4BHK1"
"2EJ0,3BES1,4AWY0,6CK0,2AFR1,6BE1,5BHL0,7EI0","2EJ1,3ALU0,4CGO0,6AS1,4CGP0,5BLZ0,2ART1"
"2ACH0,3EY1,6AIT1,4BHM1,5ANX0,3AKZ0,6CJ0,2AMR1,1JK0,2ABZ0","2ACH0,3EY1,6AIT1,4BHM1,5ANX0,3AKZ0,6CJ0,2AMR1,1JK0,2ABZ0"
"1ET0,6BG1,2AMR1,6EN0,5CF0,5ADS1,2BHN0","1ET0,6BG1,2AMR1,6EN0,5CF0,5ADS1,2BHN0"
"4ASX0,2BHO0,5BFH0,6BQ1,6AF0,3BHP1,2AHK1","4ASX0,2BHO1,6AF0,5AET0,5EQ0,2HU1"
"2AZ1,4PX0,6AF0,4AIL0,5BHQ0,2BHR1","2AZ1,4PX0,6AF0,4AIL0,5BHQ0,2BHR1"
"4BHS1,2A0,6AF0,1JK0,5ANO1,3C1,4BHT0,4BHU0,5BGR0,4BHV1,7EI0","4BHS1,2A0,6AF0,1JK0,5ANO1,3C1,4BHT0,4BHU0,5BGR0,4BHV1,7EI0"
"4BHW0,6EN0,4BCP1,4BHX0,5ADS1,5FN1,5BHY0,4BHZ1,5BIJ1,2QU1","4BHW0,6EN0,4BCP1,4BHX0,5ADS1,5FN1,5BHY0,4BHZ1,5BIJ1,2QU1"
"2BH0,3CO1,6AF0,2W0,5IX0,2ADP1,4BIK0,5AGV1,2QU0","2BH0,3CO1,6AF0,2W0,5IX0,2ADP1,4BIK0,5AGV1,2QU0"
"3CO1,2EZ0,4AJW1,6EN0,5HJ1,1PS1,3CU1,1ET0","3CO1,2EZ0,4AJW1,6EN0,5HJ1,1PS1,3CU1,1ET0"
"1ET1,5BIL0,4BIM0,6I1,5BFI1,3BIN0,1AC0","1ET1,5BIL0,4BIM0,6I1,5BFI1,3BIN0,1AC0"
"4AVX1,3MP0,5BIO0,5HJ1,5BIP0,5AKU0,2BIQ0,4BIR0,1JK0","4AVX1,3MP0,5BIO0,5HJ1,5BIP0,5AKU0,2BIQ0,4BIR0,1JK0"
"1ET1,4BIS0,4BIT1,2AOT0,5MO1,5BCK0,3LW1","1ET1,4BIS0,4BIT1,2AOT0,5MO1,5BCK0,3LW1"
"3CO0,3DK1,2BDW0,6AF0,2EG0,2C1,5BIU0","3CO0,3DK1,2BDW0,6AF0,2EG0,2C1,5BIU0"
"4BIV0,3I0,6AF0,2EG1,3BIW1,3AQW0","4BIV0,3I0,6AF0,2EG1,3BIW1,3AQW0"
"1JK1,3AZ0,2DG0,2NZ1,3EH1","1JK1,3AZ0,2DG0,2NZ1,3EH1"
"2BDH1,3ACT0,2BIX0,2X0,3MN1,4BIY0,6CW0,2BS1,5FP1,2DG0,5BHL1","2BDH1,3ACT0,2BIX0,2X0,3MN1,4BIY0,6CW0,2BS1,5FP1,2DG0,5BHL1"
"3ST0,3DS1,4BIZ1,5BJK1,1PS0,4DZ1,2LX1,6APR0,2AKS0,7SW0,2MP1","3ST0,3DS1,4BIZ1,5BJK1,1PS0,4DZ1,2LX1,6APR0,2AKS0,7SW0,2MP1"
"4BJL1,4BJM0,2DG1,3ALT0","4BJL1,4BJM0,2DG1,3ALT0"
"4FS1,4BJN0,6CJ0,2HX0,2BJO1,4BJP1,6BG1,5BJQ1,6AIT1,4BJR1,5BJS0","4FS1,4BJN0,6CJ0,2HX0,2BJO1,4BJP1,6BG1,5BJQ1,6AIT1,4BJR1,5BJS0"
"2CY1,2ART1,4VZ0,4AFL1,6AIT1,4BJT1","2CY1,2ART1,4VZ0,4AFL1,6AIT1,4BJT1"
"2OV1,3BX0,6APR0,4BJU1,4WY0,3O0,6C1,5JL0","2OV1,3BX0,6APR0,4BJU1,4WY0,3O0,6C1,5JL0"
"2BH1,3MP1,6GT1,2NV0,4EX0,5BCF0","2BH1,3MP1,6GT1,2NV0,4EX0,5BCF0"
"2ACH1,3MX0,2K0,2DG1,2HK1","2ACH1,3MX0,2K0,2DG1,2HK1"
"3Q1,4AHP1,6BE1,3BDF1,6I1,4BJV1,2AKL0,2AP1","3Q1,4AHP1,6BE1,3BDF1,6I1,4BJV1,2AKL0,2AP1"
"1PS1,4BJW1,4BJX0,6BG1,2BCZ1,3AJQ0,3FV0","1PS1,4BJW1,4BJX0,6BG1,2BCZ1,3AJQ0,3FV0"
"2BFM1,2BH1,4BJY0,6CW0,6BE1,2ART1,5D0","2BFM1,2BH1,4BJY0,6CW0,6BE1,2ART1,5D0"
"4BJZ1,2EZ1,3AEZ0,4BKL0,3AF1,5ADG1,4BKM1,2BKN1","4BJZ1,2EZ1,3AEZ0,4BKL0,3AF1,5ADG1,4BKM1,2BKN1"
"2BDH0,3C0,5BKO0,3DK1,7EI1,2CV0,4BKP0,2C1,4BKQ0,3AQW1","2BDH0,3C0,5BKO0,3DK0,4CGQ1"
"4AUZ0,6BE1,2GS0,6EN0,4BKR0,5ALP1,4BKS1,2JX1","4AUZ0,6BE1,2GS0,6EN0,4BKR0,5ALP1,4BKS1,2JX1"
"1JK0,6AF1,4BKT0,2CU1,7SW0,4BEW0,4BKU0","1JK0,6AF1,4BKT0,2CU1,7SW0,4BEW0,4BKU0"
"2BKV0,4KV1,6AF1,4AER0,5BFT0,3KZ0,4BKW1,2BKX0","2BKV0,4KV1,6AF1,4AER0,5BFT0,3KZ0,4BKW1,2BKX0"
"2AIZ0,4ADL1,6EN0,6I1,1PS1","2AIZ0,4ADL1,6EN0,6I1,1PS1"
"1ET1,3MX0,2K1","1ET1,3MX0,2K1"
"2AL0,4BKY1,6BG1,2DW1,2BKZ1,4BLM1,3AFR0,2BO1","2AL0,4BKY1,6BG1,2DW1,2BKZ1,4BLM1,3AFR0,2BO1"
"3IT0,4BLN1,2LX1,3CO1,3OZ1,7EI0,1JK1,3DI0","3IT0,4BLN1,2LX1,3CO1,3OZ1,7EI0,1JK1,3DI0"
"4FS0,3EY0,6EN0,6I1,5BFT0","4FS0,3EY0,6EN0,6I1,5BFT0"
"3ADJ0,6BE1,2GS1,4BLO0,5ALR1,4BLP1,2BLQ1","3ADJ0,6BE1,2GS1,4BLO0,5ALR1,4BLP1,2BLQ1"
"3CO0,6BE1,3BCS1,4BLR1,4BLS0,5ACQ1","3CO0,6BE1,3BCS1,4BLR1,4BLS0,5ACQ1"
"2DV0,6R1,7SW0,2IY1,5GJ0,3BL0,3DK1","2DV0,6R1,7SW0,2IY1,5GJ0,3BL0,3DK1"
"4FW0,3KN1,6AF1,3JR1,2AGT0,2BX1,5D0,4BLT0,4BLU1","4FW0,3KN1,6AF0,4CGR1,5AOQ1,5ALM0,6AS1,3EH1"
"4BLV0,6EN0,6BG1,4BLW1,5EQ0,1JK1","4BLV0,6EN0,6BG1,4BLW1,5EQ0,1JK1"
"4AY0,4BLX1,6C1,2BLY0,6CJ0,5BLZ0,4BHU0,1JK1","4AY1,3HU0,2CGS1,5AJY0,2AOP0,3AZ0,5BJQ1,2EZ1,5DQ1,5CGT1,2ARY0"
"2CY0,6I1,4BEH1,5RZ0,5BMN1,2CM1,2ABY1,2OP1","2CY0,6I1,4BEH1,5RZ0,5BMN1,2CM1,2ABY1,2OP1"
"3BE0,6EN1,6APR0,3BMO1,2TW1","3BE0,6EN1,6APR0,3BMO1,2TW1"
"3I0,6I1,2Q0,4BMP0,5AIO0,3BMQ0","3I0,6I1,2Q0,4BMP0,5AIO0,3BMQ0"
"4BN0,4BMR0,6C1,2GS1,4AGY0,3BMS1,3AQW1","4BN0,4BMR0,6C1,2GS1,4AGY0,3BMS1,3AQW1"
"3KQ0,6AF1,4BMT0,5ADM1,2ADX1,2ACW0","3KQ0,6AF1,4BMT0,5ADM1,2ADX1,2ACW0"
"4AY0,3CO1,6AF1,3JR1,5ADG1,4BMU0","4AY1,4CGU1,5JN0,5ADG0,2CGV0"
"3KZ0,4BMV1,6BE1,2FQ1,4BIT0,3ADJ1,3CV0,4BMW0,6CJ0,2AKS0","3KZ0,4BMV1,6BE1,2FQ1,4BIT0,3ADJ1,3CV0,4BMW0,6CJ0,2AKS0"
"1PS0,3AT1,5J1,1EF1,5BMX1,2FV1","1PS0,3AT1,5J1,1EF1,5BMX1,2FV1"
"4IO1,2X0,2BMY1,3SV0,6C1,5BMZ1,6CK1","4IO1,2X0,2BMY1,3SV0,6C1,5BMZ1,6CK1"
"3DS0,2BKZ0,6EK1,5BDY0,5DF1,5ACD0,2ATV1,3ADX0,4BNO1","3DS0,2BKZ0,6EK1,5BDY0,5DF0"
"4BNP0,6CK1,2LN1,5AKT0,3ACV1,2BX0","4BNP0,6CK1,2LN1,5AKT0,3ACV1,2BX0"
"1ET0,6I1,4BNQ1,6CJ0,7SW1,2LX1","1ET0,6I1,4BNQ1,6CJ0,7SW1,2LX1"
"2LX0,6R1,2CM1","2LX0,6R1,2CM0,4CGW1,4CGX1,5DQ1,2TW1"
"4FW0,6BE1,5BMZ0,3OZ0,6CJ0,2BNR0,3AQW1,3EY1,3CK0,2BNS1,2BKZ0,4BNT0","4FW0,6BE1,5BMZ0,3OZ0,6CJ0,2BNR0,3AQW1,3EY1,3CK0,2BNS1,2BKZ0,4BNT0"
"2GS0,4ANW1,2DS1,2AFR0","2GS0,4ANW1,2DS1,2AFR0"
"1PS0,4BNU1,6BE1,3CK1,4BNV1,2MP1,6CK1,2BO1,2BDW1","1PS0,4BNU1,6BE0,2FQ1,2LW1,3I0"
"4ANS0,4BNW1,7EI1,6EN1,5BIU1","4ANS1,4CGY0,6AF1,3OZ0,2ACT0"
"3KN0,3BCS0","3KN0,3BCS0"
"3PU0,4BNX1,3BNY0,4BMT1","3PU0,4BNX1,3BNY0,4BMT1"
"3CO0,6BE1,3PU0,3BNZ1,5GQ1,6APR0,1PS1","3CO1,2X0,6CJ0,4CGZ0,3TW1,4CHI0,2AQT0"
"2BDH0,6AF1,4BOP1,1PS0,7EI1,2ABZ1","2BDH0,6AF1,4BOP1,1PS0,7EI1,2ABZ1"
"4BOQ0,6EN1,2GS0,2EG1,2IY1","4BOQ0,6EN1,2GS0,2EG1,2IY1"
"2BOR0,3EK0,7SW1,6I1,5ASU1,2GS1","2BOR0,3EK0,7SW1,6I1,5ASU1,2GS1"
"4BOS0,4BOT0,5BCT0,4BOU1,7EI1,3MN0,4BOV0,6AHO0,3AS0,3AQW0,6AF1","4BOS0,4BOT0,5BCT0,4BOU1,7EI1,3MN0,4BOV0,6AHO0,3AS0,3AQW0,6AF1"
"2BDH0,6EN1,5AET0,4ASX0,3BES1,7EI1,6CJ0,5ALP0,5DE0","2BDH1,3BX0,2EZ1,2K0,6AS0,4CHJ1,4CHK0"
"4BOW1,2NZ0,6APR0,1PS0,6CK1,3BGK1","4BOW1,2NZ0,6APR0,1PS0,6CK1,3BGK1"
"4BOX0,6I1,2ACV1,7EI1,5BOY1,2GS1,5BOZ0,3CU0","4BOX0,6I1,2ACV0,2DS0"
"3KZ0,3AS0,2AKZ0,6CJ0,7SW1,5AKN1,2GT1,2DU1","3KZ0,3AS0,2AKZ0,6CJ0,7SW1,5AKN1,2GT1,2DU1"
"2AL0,4BPQ1,6C1,4BPR1,7SW0,5AEQ1,5BPS1,6CJ0,3ADJ0,2BPT0","2AL0,4BPQ1,6C1,4BPR1,7SW0,5AEQ1,5BPS1,6CJ0,3ADJ0,2BPT0"
"4BPU0,6AF1,4BKW1,2BIQ0,2OP1,5GJ1,3AQS0","4BPU0,6AF1,4BKW1,2BIQ0,2OP1,5GJ1,3AQS0"
"2BS0,3EY1,6CJ0,6BE1,4BPV1,5GX1,2FU1,5BPW0,6APR1,1JK0","2BS0,3EY1,6CJ0,6BE1,4BPV1,5GX1,2FU1,5BPW0,6APR1,1JK0"
"4BPX1,2X0,6APR1,3AQS1,4BPY1,2AGT0,4BPZ0","4BPX1,2X0,6APR1,3AQS1,4BPY1,2AGT0,4BPZ0"
"4ASX0,6C1,4BQR1,2AGZ1,3BGK0,3ACR0,4BQS0","4ASX0,6C1,4BQR0,6APR1,2ADJ0"
"3AS0,3LM0,5BJS1,2AFR0","3AS1,1ET0,6CJ0,1EF0"
"2AMR0,6AIT1,2GS0,3BQT1,2ACW0","2AMR0,6AIT1,2GS0,3BQT1,2ACW0"
"4BQU0,6I1,4AFM0,5IX0,5ASU0,6AF1,2JV0","4BQU0,6I1,4AFM0,5IX0,5ASU0,6AF1,2JV0"
"3KZ0,6EN1,2GS1,4BQV0,5ASY1,4BLP0","3KZ0,6EN1,2GS1,4BQV0,5ASY1,4BLP0"
"3ADJ0,3BES0,2AIT1,2ACW0,6APR1,2MN1","3ADJ0,3BES0,2AIT1,2ACW0,6APR1,2MN1"
"4BQW0,6EN1,2IY0,2EG0,3BQX0","4BQW0,6EN1,2IY0,2EG0,3BQX0"
"3CJ0,6I1,5ALR1,2GS0,4BQY0,2CO1","3CJ0,6I1,5ALR1,2GS0,4BQY0,2CO1"
"6I1,3PR0,2CV1,5CS0,6APR1,5BHQ1","6I0,2BH1,1AC0,5ACD0,6C0,2ARY1"
"3DI0,3EY0,6I1,5BDY0,5ASY0,5AMO1,3LM0","3DI0,3EY0,6I0,3KX0,2AQS0"
"3IT0,3DS0,6BE1,2GS1,6CJ0,4BQZ1,2HU0,5AFX1","3IT0,3DS0,6BE1,2GS1,6CJ0,4BQZ1,2HU0,5AFX1"
"3APR0,3BRS1,6BE1,2GS1,3CK0,6CK1,6CJ0,5BRT0,2Q1,5BHQ0","3APR0,3BRS0,4GU1"
"4BCW0,6I1,4BRU0,5BFH0,3DK1,6AF1,6CJ0,2GS1,5ALR0","4BCW0,6I1,4BRU0,5BFH0,3DK1,6AF1,6CJ0,2GS1,5ALR0"
"3IT0,6AF1,5ADI0,6CJ0,2BHN0,5LQ1,5BRV0","3IT0,6AF1,5ADI0,6CJ0,2BHN0,5LQ1,5BRV0"
"4BRW0,6I1,2IY1,2O0,6CK1,5BMX0,2HU0,5BRX1,2BRY1,7BEX1,5DO0","4BRW0,6I1,2IY1,2O0,6CK1,5BMX0,2HU0,5BRX1,2BRY1,7BEX1,5DO0"
"2BH0,3CO0,6I1,5BRZ1,5BEY0,2CJ1,7BEX1,5AKX0","2BH0,3CO0,6I1,5BRZ1,5BEY0,2CJ1,7BEX1,5AKX0"
"3ACV0,4BST1,1ET0,5ANX1,6BE1,2BOR1,3AF1,3JX0","3ACV0,4BST1,1ET0,5ANX1,6BE1,2BOR1,3AF1,3JX0"
"4BSU0,3EN0,2GS1,6EK1,2MP1,1JK1","4BSU0,3EN0,2GS1,6EK1,2MP1,1JK1"
"4ASX0,4AHU1,6BG1,4BKW1,5GX1,6CK1,2AKS1,1JK1","4ASX0,4AHU1,6BG1,4BKW1,5GX1,6CK1,2AKS1,1JK1"
"2AE0,3ATV1,2LW1,5BRX0","2AE0,3ATV1,2LW1,5BRX0"
"3DI1,3HU0,2ART0,5BSV1,5CF1,6BG1,4BHV1,2APU1","3DI1,3HU0,2ART0,5BSV1,5CF1,6BG1,4BHV1,2APU1"
"2BFM1,6AF1,3O0,5GJ1,7SW0,2BSW1","2BFM1,6AF1,3O0,5GJ1,7SW0,2BSW1"
"2ACH1,4BSX0,6C1,6CJ0,3SV0,5GJ1,2DG0,6EN1","2ACH1,4BSX0,6C1,6CJ0,3SV0,5GJ1,2DG0,6EN1"
"4AUZ1,4BSY0,2AGQ1,3AF1,5BIU0,4BSZ1,3SV0,3BGK0","4AUZ1,4BSY0,2AGQ1,3AF1,5BIU0,4BSZ1,3SV0,3BGK0"
"4BTU0,4BTV1,6I1,7EI0,3BTW0,5BEV1","4BTU0,4BTV1,6I1,7EI0,3BTW0,5BEV1"
"2AE0,3BG1,3AF1,6AF1,7EI0,3ADJ1,6EN1,4BTX1,4BTY0","2AE0,3BG1,3AF1,6AF1,7EI0,3ADJ1,6EN1,4BTX1,4BTY0"
"2CI0,6I1,4BTZ0,5IX0,2AV1,2PR1,7SW0,5AXZ1,2DL1","2CI1,3BI0,5CHL1,5CGJ1,1CHM0"
"4BUV0,6AF1,4BUW1,3DS0,2ADP0","4BUV0,6AF1,4BUW1,3DS0,2ADP0"
"4RS0,2CV1,6AF1,2ACT1,1JK0,2BUX0","4RS0,2CV1,6AF1,2ACT1,1JK0,2BUX0"
"2BW0,3EY1,6AF1,4BUY1,3AOY0,2BO1,4BUZ1,4BVW0","2BW0,3EY1,6AF1,4BUY1,3AOY0,2BO1,4BUZ1,4BVW0"
"2BVX0,2BFM1,6C1,3BTW1,2LW1,6I1,4AER1,1JK0","2BVX0,2BFM1,6C1,3BTW1,2LW1,6I1,4AER1,1JK0"
"3CO0,4BVY0,6AF1,5BGP0,2ADX1,4BVZ1,2AV1,6CJ1","3CO1,4CHN1,3BX1,6AS1,4CHO1,3OP0"
"2TX0,6I1,2PR0,3BNY1,4BWX1,3BES1,4BWY0,4BWZ1","2TX0,6I1,2PR0,3BNY1,4BWX1,3BES1,4BWY0,4BWZ1"
"2OV0,4BMV0,4BXY0,6BQ1,5BRT1,3AIK1","2OV0,4BMV0,4BXY0,6BQ1,5BRT1,3AIK1"
"2FQ0,6I1,5ANX0,3AHJ0,4BXZ1,2BNS1","2FQ0,6I1,5ANX0,3AHJ0,4BXZ1,2BNS1"
"1ET0,3PU0,3KN1,5BYZ1,5ARV0","1ET0,3PU0,3KN1,5BYZ1,5ARV0"
"4GU0,6I1,5GQ0,6AF1,6CJ1,5CF0","4GU0,6I1,5GQ0,6AF1,6CJ1,5CF0"
"3GS0,6BE1,4CDE0,5JL1,4CDF1,4CDG0,2DS1,3BE0,5GJ0","3GS0,6BE1,4CDE0,5JL1,4CDF1,4CDG0,2DS1,3BE0,5GJ0"
"1ET0,6EN1,2O0,3BES1,4CDH0,4BVZ1,5BHL0,3AS0,5CS1,2BRY1","1ET0,6EN1,2O0,3BES1,4CDH0,4BVZ1,5BHL0,3AS0,5CS1,2BRY1"
"3CV0,3EY0,6CJ1,2LN0","3CV0,3EY0,6CJ1,2LN0"
"4CDI0,6BE1,5CDJ0,4CDK0,4CDL0,2GS0,2CO1","4CDI0,6BE1,5CDJ0,4CDK0,4CDL0,2GS0,2CO1"
"3BL0,6EN1,2GS0,2ACW1","3BL0,6EN1,2GS0,2ACW1"
"2BH0,3AHJ1,5BC1,2BKZ1,6AF1,7SW0,3BTW1,2AKS1,1JK1","2BH0,3AHJ1,5BC1,2BKZ1,6AF1,7SW0,3BTW1,2AKS1,1JK1"
"3DS0,6I1,1JK1","3DS0,6I1,1JK1"
"2BH0,3EK1,6BG1,2LX1,6CK1,2BDW1,1JK0","2BH0,3EK1,6BG1,2LX1,6CK1,2BDW1,1JK0"
"4AHQ1,2X0,1ET1,6CW1,3BKZ0","4AHQ1,2X0,1ET1,6CW1,3BKZ0"
"3IT0,6I1,4AGY1,5DQ0,1JK0,2OP0,6AF1,5CDM0","3IT0,6I1,4AGY1,5DQ0,1JK0,2OP0,6AF1,5CDM0"
"3CO0,6EN1,5AKU0,5CDN1,2LN1,2LW1","3CO0,6EN1,5AKU0,5CDN1,2LN1,2LW1"
"3IT0,4CDO1,6BE1,2AKS1,2CDP0,1JK0,5ADM1,3AQS1","3IT0,4CDO1,6BE1,2AKS1,2CDP0,1JK0,5ADM1,3AQS1"
"3TU0,3PU1,5CDQ0,5BPS1,6C1,2FL1,5BOZ0","3TU0,3PU1,5CDQ0,5BPS1,6C1,2FL1,5BOZ0"
"3EY0,5BDK1,2CV1","3EY0,5BDK1,2CV1"
"4CDR0,6AF1,2ACV1,4CDS0,5AGV0,5DE0","4CDR0,6AF1,2ACV1,4CDS0,5AGV0,5DE0"
"2CE0,3EY1,6EN1,4CDT1,2CDU0","2CE0,3EY1,6EN1,4CDT1,2CDU0"
"2G0,6EN1,2AMT1,2BDW0,4CDV1,5AFX0,5ALS1,3AF1","2G0,6EN1,2AMT1,2BDW0,4CDV1,5AFX0,5ALS1,3AF1"