"","matrix.ncol...1..nrow...1000."
"1","6HK0,13AZ0,2HN0,11CY0,11CT0,1AJ0"
"2","11CW0,13AU0,12CM0,13X0,4IO0"
"3","8IK0,11DF0,4IU0,4IU0,7IP0"
"4","11CX0,7GS0,14IQ0,13BF0,4GN0,3GH0,12CK0,9GO0"
"5","8HJ0,11CU0,1X0,7HO0,13BD0"
"6","8IZ0,11DG0,1AM0,7IY0,13BQ0,4JQ0,7IY0"
"7","6GS0,11CM0,4GV0,11CI0,13BO0,7GX0,1BL0,2GT0,3DO1"
"8","8HX1,7IK1,13AS1,1BJ0,3DR1,14KO1"
"9","11DF1,1V1,8HO1"
"10","11CT1,6HK1"
"11","13BZ1,4HU1"
"12","14JO1,4IU1"
"13","8IN0,11DJ0,12CW0,14KS0,7IL0,6IO0"
"14","8HY0,11DJ0,4IN0,12CY0,13BR0,6IK0,7IS0"
"15","11CZ0,7HO0,11CX0,1AX0,3DF1,13BI0"
"16","6HK0,11CU0,14JM0,4HR0,14JM0,3CZ1"
"17","8HQ0,11DF0,12CQ0,14JS0,9HQ0,7HT0,11CU0,4HX0"
"18","4GO0,11CN0,12CD0,1AI0,7GZ0"
"19","4IM1,6HR1,14JX1,7HV1,8HV1,1AR1"
"20","4IM1,1AP1,2HX1,1BS0"
"21","8FY0,11CT0,4GM0,13AR0,4GM0"
"22","7GR0,11CH0,12BX0,14IQ0,7GR0,4GS0"
"23","4HT0,11CP0,13AW0,1AQ0,14JY0,4HT0,7IP0"
"24","8HP0,11CW0,2HP0,12CO0,4HW0,13BD0"
"25","7HV1,1AV1,8HI1"
"26","8GP0,11CN0,1AF0,12CG0,13BR0"
"27","6IL0,11CV0,2IP0,4IW0,7IP0,14KT0"
"28","7HP0,11CR0,13AU0,8HM0,14JS0,3HL0,12CF0,8HM1,3FJ0,3FI1"
"29","8GZ0,11CV0,4HN0,2HI0,14JM0,13BP0"
"30","8HR0,11CU0,4IM0,14JU0,1BC0,6HS0"
"31","6GV0,11CU0,13AQ0,12CN0,14IZ0,3DF1,4HM0,7GZ0,6GV0,7GZ0"
"32","8HI0,7GY0,4HU0,14JL0,14JL0,4HU0"
"33","4IL0,11CU0,12CM0,1AG0,13CE0,7HV0,13AW0"
"34","6GH0,11CK0,4FX0,9GH0,7GK0,3FO0"
"35","8HU0,11CW0,4IP0,13CH0,2HV0,9HV0,7HY0,4IP0,7HY0"
"36","6GO0,11CP0,4GY0,4GY0,1BZ0,13M1,2GR0,13BL0"
"37","4IQ0,11DE0,7IT0,8IJ0,2IP0,14KR0,7IT0,12CQ0,13AU0,4IQ0,1U1"
"38","1AD0,7IK0,8HU0,4IJ0,12CH0,7IK0"
"39","11CL0,4HN0,13AM0,8GW0,7HO0,12CK0,2HK0,12CH0,7HO0,4HN0,3FT0"
"40","1R0,8GX0,2HJ0,14JL0,13BL0,7HS0"
"41","6HQ0,11CT0,13AW0,4HW0,13J1,9HP0,7HM0"
"42","8GI0,11CP0,1BU0,7GN0,13BW0,7GN0"
"43","2GT1,6GU1,13AS0"
"44","4IQ0,7IM0,14KN0,13AJ0,8HW0,3HV0,7IM0,12CL0,3EM1"
"45","8GS0,11CS0,4HI0,13BL0,7GS0"
"46","7GW0,11CS0,4HJ0,3GS0,13CH0,14IX0,1AV0,7GW0,3GI0"
"47","6GI0,11CG0,13AT0,4GM0,7GO0,7GO0"
"48","8HO0,11CR0,12CN0,4HY0,13AU0,14JP0,1AG0"
"49","4KN1,3FV0,6JQ1,2JS1"
"50","4HK1,7GX1,8GU1,2GU1,14IX1,3DG1"
"51","8HP0,11CU0,12CR0,4HZ0,7HS0,3FM0"
"52","8FZ1,7GT1,7GT1,1AG1"
"53","7HS0,11CO0,2HP0,13AZ0,12CI0,4HP0,8HL0,7HS0,9HP0"
"54","4IJ0,1AF0,11DF0,2HW0,14JS0,4IJ0,7IJ0"
"55","11CV0,7HY0,8HX0,4IR0,13CH0,14KO0,1AX0,2IK0,7HY0"
"56","1AE0,11DE0,7HY0"
"57","1V0,11CP0,4HL0,7HO0,7HO0,13BC0"
"58","7IP0,11DE0,2HW0,13AT0,14JY0,12CK0,4IM0,7IP0"
"59","4IS1,7IS1,1AI1,6IK1,1BX0"
"60","8GZ0,11CN0,4HV0,12CK0,14JM0,1BU0,4HV0,3FL0"
"61","5I0,7IN0,11DJ0,13CN0,8IK0,12CY0,1AK0,11DG0,13BQ0,3EY1"
"62","6FR0,11CK0,12CF0,13BF0,4GN0,12BT0,7FS0"
"63","8IM1,4IS1,1U1,7HZ1"
"64","2IQ1,4JK1,3FS0"
"65","6GQ0,11CU0,12CI0,4HJ0,6GQ0"
"66","8HP0,11CW0,13BE0,4HV0,7HY0,8HP0"
"67","13BO1,4GS1,6GL1"
"68","6HX0,11DI0,12CY0,14JZ0,7IJ0,8HU0"
"69","8HR0,11DF0,4IN0,7HZ0,12CT0,4IN0,11CY0,14JV0,6HR0"
"70","8HN0,11CW0,7HS0,4HV0"
"71","7GO0,11CI0,1AP0,7GO0,13AZ0,3EQ0"
"72","6GU0,11CV0,12CI0,4GR0,1BZ0,3GH0"
"73","11CQ0,7HP0,14JQ0,4HP0"
"74","8HX0,11DH0,1AI0,4IQ0,7IR0"
"75","7HP0,11CW0,12CQ0,14HM0"
"76","8IK0,11DG0,7IN0,3DM1,4IQ0,14KN0,7IN0,4IQ0,2IJ0"
"77","11DH0,7JO0,13BN0,11CZ0,8IS0,2IW0,3DI1,4JN0,1CJ0,7JO0,6IU0"
"78","11CQ1,3CZ1"
"79","8GQ0,11CP0,7GZ0,3CQ1,4GY0,13AZ0,2GR0"
"80","7IK1,1X1,1BX0"
"81","1AC0,11CU0,4HQ0,12CJ0,4HQ0,14JK0,3GS0,2HI0,1Y0,13BR0,7HO0"
"82","8HI0,11CW0,12CQ0,6HL0,4HN0,13O1,13BW0,1AV0"
"83","4HP1,1Z1"
"84","11CL0,5I0,7HS0,14JO0,8HI0,13AY0,1BN0,12CH0,2HM0,7HS0"
"85","6IJ0,11DE0,12CX0,13BZ0,4IY0,7IM0,2IN0"
"86","8HU0,11CS0,13BC0,14JW0,4IO0,6HQ0,4IO0"
"87","7HW1,4HU1"
"88","8HJ0,11DE0,4HX0,7HO0,1BZ0,2HK0,7HO0"
"89","12CH1,7HV1,4HV1"
"90","8IN1,4JM1,13BD1,1AI1,1AY0,7IZ1"
"91","8HW0,11CX0,13AZ0,4HZ0,12CQ0,3CZ1,11CT0,4HZ0,2HW0,6HS0,7HW0"
"92","8GW0,11CO0,4HM0,3CP1,14IX0,7HJ0,13BI0,9GV0,4HM0"
"93","4IS1,6HZ1,3EJ0"
"94","11CS1,6GY1"
"95","6HI0,11CP0,4HQ0,12CK0,2HK0,3CY1,14JK0,1BO0,7HO0"
"96","8IN0,11DG0,13AW0,14KS0,4IZ0,11CY0,7IX0"
"97","6IS0,11DH0,14KW0,13BD0,2IS0,12CO0,8IP0,7IR0"
"98","11CU1,1BV0,1BR0"
"99","8HJ0,11CV0,13BC0,12CL0,2HK0,4GZ0,7HM0"
"100","6GS0,11CM0,12CK0,2GQ0,4GZ0,7GP0,7GP0"
"101","4IP0,11DJ0,7IK0,8HV0,14KM0,2HZ0,13BD0,12CR0,3HS0,3FR0,9HZ0,7IK0"
"102","8GT0,11CO0,14IV0,7HL0,14IV0,6GV0,1AN0"
"103","4IM1,3DZ0,2HT1"
"104","12CJ1,3DO1,2GV1"
"105","8HR0,11CU0,7HY0,12CQ0,14JS0,1Y0"
"106","8HV0,11DN0,13BG0,12CX0,1CL0,7HZ0"
"107","11CR0,4GP0,4GP0,7GP0"
"108","11CS0,12CN0,7HY0,14JS0,3GK1,13BS0,12CK0,4IK0,7HY0"
"109","4GZ1,6GT1,7GU1,1AS1,3DG1,4GZ1,2GT1"
"110","11DH0,7IJ0,2HS0,4IM0,14JU0,3EZ1,13CM0,4IM0,1BW0,8HO0,1T1"
"111","8IN0,7IP0,12CY0,1AV0,9IQ0"
"112","8HL0,11CX0,2HM0,12CP0,1Y0"
"113","11CS0,4HQ0,12CL0,1AM0,11CO0,7HL0,2HL0,3GY0,13CG0,13BJ1"
"114","6GR0,11CR0,4GW0,13BI0,12CK0,4GW0,14GY0,12BZ0,3GK0,2GR0"
"115","2HU1,6HP1,7HX1,3DN1,9HR1,8HN1,13BZ0,1AU0"
"116","8HJ0,11CR0,12CL0,4HV0,13BQ0,6HK0,2HK0,13BC0"
"117","7HK1,6HI1,4HP1,1AD1,13AD1"
"118","6GL0,11CQ0,13BI0,12CF0,4GW0,1AE0"
"119","8GM1,4GT1,7GN1,3CZ1,1AL0"
"120","8GU0,11CO0,4HQ0,4HQ0,12CE0,2GX0,3GO0,3ET1"
"121","6HS0,11CY0,5J0,7IJ0,14JU0,1BX0,12CT0,13BZ0,2HS0,8HP0,3GZ0"
"122","6GX0,11CT0,12CQ0,7HJ0,4HM0"
"123","4HO0,11CR0,13AJ0,12CE0,8GV0"
"124","7HW0,1AI0,12CI0,3DF1,11CY0,2HO0,3GN1"
"125","8HJ0,11CV0,7HV0,13AR0"
"126","8FM1,4FY1,9FQ1,7FW1,3DH0"
"127","7HS0,11CR0,3DL0,2HV0,7HS0"
"128","8GN0,11CG0,14IM0,7GJ0,2GM0,13AQ0"
"129","6HP0,11DE0,12CW0,14JR0,13BC0,4IJ0,2HP0,6HP0,7HX0,4IJ0"
"130","8GS1,9GT1,4HP1,3DK1"
"131","7GW0,11CT0,12CK0,8GT0,13AP0,3DH1,11CR0,4HM0,7GW0,9GX0"
"132","8HS0,11CX0,13BJ0,7IK0,4IN0,7IK0"
"133","8GQ0,11CU0,4HK0,13AW0,12CL0,14HV0,7GV0,6GR0"
"134","12CL1,4HW1"
"135","8HX0,11DF0,13BL0,12CO0,4IT0,11CV0,3DH1,7IR0"
"136","8GM0,11CS0,14IM0,2GM0,13BU0,11CN0,9GK0,4GT0,7GW0"
"137","7HN0,11CN0,1AF0,8GX0,3GV0"
"138","8HK0,11CZ0,7HO0,13BY0,1BH0,12CT0"
"139","4HQ0,11CZ0,14JV0,7HS0,8HP0,13AV0,3DL1,3GN0,7HS0,1O1"
"140","6HK0,11CO0,4HZ0,13AO0,7HL0,8HO0"
"141","8HI0,11CS0,12CG0,7HI0"
"142","6GW0,11CW0,4HJ0,1AV0,13AY0,1AI0"
"143","6GY0,11CQ0,7GX0,2GY0,1AF0"
"144","11CT0,7HL0,13AZ0,12CN0,14JO0,3CX1,3FN0,4HT0,8HI0,1BM0"
"145","6HO0,11CS0,4HT0,7HQ0,7HQ0"
"146","7HW0,6HP0,11DE0,4HZ0,13BL0"
"147","6GO0,11CT0,4GZ0,3CY1,7GR0"
"148","8GV0,11CN0,7HJ0,4HK0,1BK0"
"149","6HK0,11CY0,4HR0,2HK0,14JM0,12CP0,7HO0"
"150","6HZ0,11CX0,4IU0,13BU0,7IM0,2IN0,13BF0,8IM0"
"151","8GV0,11CR0,1AS0,7GY0,6GY0,13BH0"
"152","4IK1,6HR1,1CE0,2HV1"
"153","8HP0,11DG0,7HT0,4IJ0,2HP0,6HL0,7HT0"
"154","8HO0,11CU0,14JT0,1AL0,7HR0,6HR0,7HR0"
"155","8EY0,11CD0,4FM0,13BP0,2FH0,4FM0,12BT0,13BL0,3EP0"
"156","8GZ0,11CW0,13BD0,14JK0,4GX0,12CK0,6HI0,4GX0,7HK0"
"157","8GU0,11CW0,4HJ0,6GZ0,7HL0"
"158","8IK0,11DH0,2IN0,7IR0,1BV0,3DM1,13BK0"
"159","1U0,11CS0,13BM0,4IM0"
"160","12CH1,4HP1"
"161","8IQ0,11CY0,1AO0,14KX0,4IY0,6IT0,2IT0,7IS0"
"162","7HU1,6HM1,1V0,7HU1"
"163","8HT0,11CY0,4IJ0,13BD0,7IK0,1AR0"
"164","6GI0,11CU0,7GH0,13BZ0,14HZ0,12CO0,2GI0,13BR0,3DS1"
"165","8GJ0,11CO0,4GT0,14IM0,7GO0,2GM0"
"166","8GK0,11CI0,12CF0,13AT0,12BY0,4GS0,7GP0"
"167","11CU0,1AC0,12CF0,13BY0,7IN0,3HS0,11CN0,8HU0,4IM0,3FY0"
"168","7HM1,6HK1,2HK1,1BS0"
"169","6FX0,11CL0,7FY0,1BX0,13BK0,3CW1,4GT0"
"170","8GR0,11CV0,12CO0,4HN0,5H0,1BL0,7GT0,2GU0"
"171","4GR1,7GT1,6GO1"
"172","3DI0,2IU1"
"173","7IL0,11CY0,4IV0,12CO0,3HZ0,7IL0,8IK0,1BM0,7IL0"
"174","8GR0,11CQ0,7GU0,1AU0,3CT1,4GZ0,7GU0,8GR0"
"175","8HW0,11DJ0,4IM0,2HV0,7IK0,7IK0,4IM0,1BM0"
"176","4GR1,1AF1"
"177","6FG0,11CK0,14HI0,12CD0,4FV0,2FK0,4FV0,7FN0"
"178","11CW0,1U0,13BZ0,7HN0,7HN0"
"179","11CN0,7FY0,1AM0,12CJ0,13AL0,8FV0,12CF0,4GL0"
"180","11CK0,7HP0,12CD0,7HP0,8GU0,2GY0,3CQ1,11CJ0,13BV0,3ER0,3CW1"
"181","7JM0,11DI0,7JM0,9IT0,13CE0,4IY0,7JM0"
"182","8GZ0,11CX0,4HJ0,7HT0,14IO0,2HJ0,3GU0"
"183","6HL0,11CX0,5J0,7HO0,2HP0,3GZ0"
"184","11CY1"
"185","11CW1"
"186","6HW0,11CY0,13BN0,7IN0,2HY0"
"187","6GY0,11CS0,13AW0,4HO0,14IY0,7HM0,2GY0,6GY0"
"188","4HY1,6HR1,3GM1,1BF1"
"189","8GX0,11CQ0,4HT0,1AS0,13AZ0"
"190","8HJ0,11CR0,12CN0,7GY0,2HM0,6GX0"
"191","6HM0,11CQ0,13AR0,12CF0,1BS0,4HJ0,6HM0"
"192","11CN1,2GZ1,7HL1"
"193","8HP0,11DF0,5J0,7HR0,4HZ0"
"194","11CY1"
"195","8GL0,11CO0,13AY0,7GU0,12CK0,4GJ0,2GM0"
"196","7IX0,11DE0,14KR0,9IL0,3HZ0,1BO0"
"197","8GK1,7GN1,3FM1,3FP0,1BW0,2GO1"
"198","6GZ0,11CT0,12CO0,4HS0,14IZ0,4HS0,6GZ0,4HS0"
"199","7HI0,11CL0,14JL0,9GY0,4HQ0,7HI0"
"200","8GY1,4HL1,7HN1"
"201","3GJ1,7GP1"
"202","8HZ0,11CW0,4IO0,13BE0,7IT0"
"203","11CP0,7GX0,12CF0,13BO0,1AM0,3CX1,13BN0,2GP0,4GU0"
"204","11DJ0,4JR0,7JS0,2JM0,11DF0,14LS0,3IX0,13BM1,4JR0"
"205","8IM0,11CX0,4IL0,6IP0,7IO0,13F1,13AV0"
"206","1W0,11CS0,12CF0,4IJ0,2HP0,8HL0,7HR0"
"207","8GQ0,11CP0,13AW0,3CT1,7GX0,6GT0,3GI0,2GT0"
"208","7IS0,11CY0,13AZ0,7IS0,3DJ1,13E1,14KZ0,3HT0,7IS0"
"209","8GJ0,4GV0,3CO1,7GP0"
"210","8GY0,11CS0,12CI0,13AZ0,4HO0"
"211","11CR0,4HI0,7GU0,14IT0,2GV0,11CO0,2GV0"
"212","8GZ0,11CR0,4HO0,1BZ0,11CL0,2HK0,3GQ0,3DF1"
"213","8GT0,11CV0,4HL0,14IW0,4HL0"
"214","8GR0,11CR0,12CL0,4GR0,7HM0,3CT1,1BJ0,7HM0"
"215","8GT0,11CV0,14IT0,4HI0,7HJ0"
"216","6HP0,4IJ0,11CP0,1AN0,7HM0,2HP0"
"217","8HQ0,11CZ0,4IM0,13AR0,14JU0,7HR0,4IM0,7HR0"
"218","4IT1,13AS1,2IJ1,9IJ1,7IP1"
"219","11CX0,4HO0,7HL0,11CR0,12CS0,13CE0,2HK0,7HL0"
"220","6IJ0,11CZ0,4IU0,7HX0,3DJ1,13BN0,3HR0"
"221","14HP1,4GW1"
"222","4JL1,6IR1,7IT1,3HQ0,3EK0"
"223","6GW0,11CU0,12CI0,4HL0,1AU0,7HO0"
"224","4HO1,8GX1,13W1,1AD1,7HP1,2HJ1,3GS0,3GH1"
"225","8HS0,11CP0,7HV0,14JT0,4HY0,6HP0,1BC0,3GL0"
"226","5H0,11CL0,1Y0,12CD0,11CJ0,13BD0,8GZ0,7HS0,1R0"
"227","8GP0,11CN0,12CJ0,7GR0,4HL0"
"228","8HR1,7HS1,1AP1,4IL1,1CD1"
"229","8HX0,11CY0,13AS0,9IJ0,3HI0,4IQ0,1BU0"
"230","12CH1,12CJ0,6GV1"
"231","4IP1,7IL1,1AB1,2HW1"
"232","8IU0,11CY0,7IQ0,3DH1,12CV0,4IY0,3DJ1,4IY0,7IQ0"
"233","8GN0,11CP0,12CF0,5M0,14IN0,7GR0,13BS0"
"234","8HX0,11CW0,7HV0,12CQ0,7HV0"
"235","8GO0,11CV0,12CJ0,4HK0,6GR0,3DW1"
"236","14HS1"
"237","8GQ0,4GY0,11CI0,12CD0,1BT0,13AO0,4GY0"
"238","8HK0,11CN0,7HR0,2HN0"
"239","6HO0,11CV0,4HQ0,12CM0,2HM0,3CZ1,3GP0,1BX0,6HO0,6HO0"
"240","6GY0,11CX0,4HL0,3DE1,14JM0,4HL0"
"241","8IJ0,11DL0,13BJ0,4IP0,7IQ0,3FV0"
"242","5I0,11CM0,12CG0,7HP0,7HP0,13BW0,1BC0,4HO0"
"243","6HS0,11CU0,4HP0,14JU0,13AP0,7HW0"
"244","11CW0,4IJ0,7HX0,12CK0,13AT0,9HP0,4IJ0,2HP0,3EI1"
"245","11DE0,1V0,4HW0,14KM0,7HY0"
"246","14IV1,6GV1"
"247","3CZ0"
"248","8HW0,11DF0,13BC0,7IO0,6HZ0,9HZ0,7IO0"
"249","8HX1,7HV1,1N1,4IM1"
"250","8HZ1,7IM1,3EX0,2IM1,4IT1"
"251","6HM0,11CS0,1T0"
"252","7HN0,11CQ0,4HU0,13BX0,14JO0,1BI0,7HN0"
"253","8HK0,11CQ0,1Y0,7HR0"
"254","6GL0,11CS0,14IP0,2GP0,13BE0,8GO0,7GV0"
"255","4HT0,11CM0,12CE0,7HO0,8HI0,2HM0,2HM0,4HT0,13AP0"
"256","11CV1,1CF0,3GO0"
"257","8HX0,13AS0,11CZ0,12CT0,3DL1,1CH0,4IU0,7IJ0"
"258","8GZ0,11CR0,12CH0,13AL0,1BD0"
"259","11CV1"
"260","6GV0,11CO0,14HK0,2GV0,5O0,12CK0,7HJ0,13BJ0,1AP0"
"261","11CS1,7HI1,14JL1"
"262","6HS0,11CY0,4HZ0,14JY0,1CH0,2HW0,3HK0,7IN0"
"263","8HN0,11CV0,4HV0,12CP0,7HW0,6HM0,2HQ0,7HW0"
"264","8FS0,11CN0,4GH0,13BG0,7FV0,2FT0"
"265","11CO1"
"266","4GW1,1BW0"
"267","8HN0,11DI0,4IK0,7HU0,3HK0,6HM0,13BU0"
"268","6HL0,11CZ0,4HQ0,11CV0,12CS0,14JN0,1AO0,7HL0"
"269","7GT0,11CO0,13AL0,12CH0,8GQ0,3GO0,14GX0,7GT0,4GV0"
"270","1AK0,11DG0,14KO0,13BF0,2IK0,8HX0,12CV0,11CW0,3HU0,4IP0,7IQ0,13AZ0,4IP0,6HZ0,3EK1,7IQ0"
"271","8GH0,11CN0,4GR0,3CR1,13BD0"
"272","8IU0,4JM0,11DL0,13CI0,2IV0,13CE0,7JO0,7JO0"
"273","8IR0,11DH0,4JN0,4JN0,6IS0,13BN0"
"274","8GO0,7GX0,11CT0,13BO0,3GI0,2GO0,4GT0"
"275","7IJ0,11CO0,8HM0,7IJ0,9HQ0,13AO0"
"276","8HK0,11CW0,12CT0,4HS0,7HV0,1AQ0,4HS0"
"277","8GY0,11DE0,12CQ0,13BC0,4HO0"
"278","8HX0,11CX0,1AV0,4IQ0,4IQ0"
"279","11DG1,8HO1"
"280","8HW0,11DJ0,4IT0,13AY0,12CY0,4IT0,14KM0,7IM0,2HZ0"
"281","8GW1,7HS1,3EO1,3FP0,1AZ0,13AT0"
"282","11CO1,4HJ1,3FW0,6GS1"
"283","8HS0,11DE0,1AG0,7HO0,7HO0"
"284","8HL0,11CV0,4HV0,1BY0,12CI0"
"285","6GS0,4GV0,11CK0,2GS0,4GV0,12BY0,7HJ0"
"286","6FZ0,11CK0,4GJ0,7GM0,14HX0,2FZ0,13AY0,2FZ0"
"287","4HR1,8HK1,7HL1,2HO1,3ES1"
"288","2HU1,4IN1,8HP1,3DH1,9HT1,3GP0"
"289","6HR0,11DF0,13BD0,14JT0,7HZ0,13C1,6HR0,4HW0"
"290","11DH1,1Q1,1BY0"
"291","7HN1,2HJ1,3FV0,3EH1"
"292","8GW0,11CT0,12CK0,7HN0,5L0,1BN0,11CQ0,4HQ0"
"293","8GT0,11CR0,4HP0,3CX1,7GZ0,13AV0"
"294","5H0,11DN0,7IZ0,13BT0,8IN0,7IZ0,4JM0"
"295","8GT0,11CW0,13AS0,4GV0,7GY0"
"296","6IK0,11DF0,4IV0,3DH1,12CR0,3HT0,1BD0,13AX0"
"297","8GJ0,11CY0,4GT0,1BZ0,2GM0,13BC0"
"298","11CY0,7HP0,12CT0,1AN0,13BJ0,8HL0,6HN0,3HJ0,4HW0,7HP0,3GM0"
"299","11CM0,4HK0,7GQ0,8GN0,12CI0,14IR0,13BL0,2GR0,3CT1,4HK0,3FY0,1AK1"
"300","8FX0,11CK0,4GO0,12CG0,14HY0,5I0,13BR0,2GH0,13AT0"
"301","8HL0,11CW0,4HL0,1AK0"
"302","11DM0,7IM0,13AO0,3DN1,8IJ0,3EQ1"
"303","11DM0,4IT0,7IN0,8HZ0,13BE0,14KQ0,11DL0,9IM0,12CW0,2IO0,4IT0"
"304","12CH1,13AS1"
"305","7IL0,11CR0,8HW0,12CI0,14KN0,2IL0,12BZ0,7IL0,3HR0"
"306","8HW0,11CZ0,4IP0,7IS0,6HZ0,4IP0"
"307","8HO0,11CY0,2HR0,4IL0"
"308","8IJ0,11DH0,12CU0,4IR0,6IM0,2IM0,9IM0,7IJ0,1P1"
"309","6GZ0,11CQ0,14IZ0,7HL0,4HL0,13BE0"
"310","7IN0,11CY0,4IM0,7IN0,14KU0"
"311","4GY0,11CI0,13AS0,7HJ0,4GY0,8GN0"
"312","8IN0,11DJ0,4IP0,6IP0,4IP0"
"313","8GS0,11CM0,4HJ0,13AU0,3CV1,7GT0"
"314","6IO0,11CY0,7IU0,5N0,14KS0,12CP0,11CV0,7IU0,6IO0"
"315","8HO0,11CY0,4HV0,14HY0,12CR0,7HW0"
"316","11CW0,4HR0,7HO0,2HK0,12CN0,7HO0"
"317","6GX0,11CS0,4HI0,4HI0,12CQ0,6GX0"
"318","11CH1"
"319","11CL1"
"320","8HO0,11DF0,7HS0,13BN0,4HY0"
"321","8GW0,11CQ0,12CL0,1BW0,8GW0"
"322","6HO0,12CK0,11CQ0,4HT0,13BF0,3CY1,2HQ0,7HW0,3DX1"
"323","6FV0,11CJ0,12BY0,4FZ0,14GT0,3CL1,7GH0"
"324","8HW0,11CW0,4IL0,1BC0,12CS0,4IL0,14JZ0,7IM0"
"325","6HQ1,7HS1,2HS1,3ER0,3DM1,13O1"
"326","7IO0,11DG0,1Q0"
"327","4HM1,6GX1,1T1,14IZ1,2GZ1,7GZ1,3GH0,4HM1"
"328","7IQ0,11CX0,4HU0"
"329","8HO1,2HP1,4HZ1,1U1,1BY0,13BX0"
"330","6HS0,11DH0,4HN0,12CR0,7HU0,13BK0"
"331","7HZ1,8HM1,2HQ1,13AV0"
"332","8IN0,11DE0,4IT0,14KQ0,11CW0,7IJ0,3HI0,2IM0,4IT0"
"333","1X0,11CS0,3CX1,14JX0,8HY0,1U0,7IK0,7IK0"
"334","4GZ0,11CS0,8HM0,12CM0,14JN0,7HP0,1BV0"
"335","4HZ1,6HP1,1CD0,4HZ1"
"336","11CR0,7IP0,1AV0,8HS0,3HQ0,13BP0,2HW0,12CH0,7IP0"
"337","4HR1,6HI1,7HM1,10HJ1,1BY0,1AD1,3EJ1"
"338","6GX0,11CS0,12CN0,7HO0,13BX0,14IY0,1AQ0,4HN0"
"339","11CN0,7HM0,13AL0,1R0"
"340","11CZ0,7HZ0,4IL0,7HZ0,8HN0,1BF1"
"341","8GR0,4GX0,11CO0,13AR0,4GX0,7HK0,3CV1,6GU0"
"342","4JL1,6IS1,13AU1,11CT0,2IW1,13BR0"
"343","8HU0,11CN0,7IL0,4IK0,8HU0,4IK0"
"344","8GU0,11CN0,13AT0,12CD0,4HN0,13AM0,1BK0"
"345","8FG0,11BX0,12BT0,4EY0,1BL0,13AT0,3CF1"
"346","4IM1,6HX1,7IL1,1AE1,13S1,3EM1"
"347","7HR0,11CW0,7HR0,12CM0,13CG0,8HK0,4HV0,13AX0"
"348","8FO0,11CM0,4FY0,7FQ0,14HP0,2FR0,6FR0"
"349","8GH0,11CO0,4GT0,4GT0,12CK0,6GI0,4GT0"
"350","8IQ0,11DE0,14KT0,12CX0,7IO0,3DK1,1BF0"
"351","8GU0,11CM0,4HQ0,7HN0,1BX0,4HQ0,13H1"
"352","6FX0,11CP0,13AR0,12CJ0,11CK0,3FT0,7GI0"
"353","4IR0,1AI0,11DJ0,7IS0,13BY0,2IK0,8HX0,7IS0,9IK0"
"354","8HN0,13AS0,1CF0,6HM0,2HQ0,7IJ0"
"355","6GN0,4GR0,12CP0,14IR0,3GL0,3DF1"
"356","4GN0,1X0,12CD0,6FT0,7FU0,13BG0"
"357","8HJ0,11CT0,4HX0,2HM0,7HU0,7HU0"
"358","8GY0,11CR0,12CL0,7HP0,4HQ0,13BQ0"
"359","8GN0,11CR0,7GU0,2GQ0,4GX0"
"360","8HO0,11DE0,7HU0,14JT0,2HR0,4HY0"
"361","12CN1,2HM1"
"362","6HV0,11DK0,7HS0,12CR0,14JX0"
"363","6HZ0,11CW0,2HZ0,13BG0,3DF1,14KM0,2HZ0,1BD0"
"364","8HO1,3FZ1,7HR1"
"365","6GT0,11CK0,14IT0,12BZ0,1T0"
"366","8HK0,11CP0,7HM0,13AQ0,3CX1"
"367","8GN0,11CS0,7GU0,11CN0,2GQ0,3FX0,4GX0"
"368","7IV0,11DE0,7IV0,12CO0,2IM0,1BX0,8HZ0,13AM0,7IV0,4IX0,7IV0"
"369","6GR0,5M0,12CK0,11CT0,13CE0,7GX0"
"370","4IP1,6HZ1,13BK1"
"371","2HX1,8HS1,3GL0"
"372","8HY0,11CV0,12CP0,4IT0,3DE1,13AP0,3DG1,7IK0"
"373","8FS0,11CH0,4GN0,6FV0,7FZ0"
"374","8HJ1,4HS1,2HQ1,1AD1"
"375","8GX0,11CY0,12CR0,4HM0,7HR0,4HM0"
"376","11CJ0,1R0,14IK0,7GS0,9GP0,4GR0"
"377","4IQ1,8HV1,1AF1,1AL1"
"378","7HJ0,1S0,14JO0,7HJ0"
"379","4HT0,13AL0,8HI0"
"380","4IS0,11CU0,1Z0,12CQ0,2HY0,14KL0,8HU0,7HY0,4IS0"
"381","6GU0,11CL0,4HR0,2GW0,3CR1,7HK0,4HR0,2GW0"
"382","8GO0,11CJ0,12CD0,2GO0,13AY0,3FU0,7GQ0"
"383","6GO0,11CN0,4HL0,13BF0,6GO0,7GS0,9GS0,4HL0"
"384","11CM1,7GP1"
"385","7JK0,1AI0,11DK0,12CP0,13BU0"
"386","4GY1,6GW1,13AT1,13BW0,1AF1,1BO0"
"387","4HX0,7IK0,11CV0,3HT0,14JN0,12CO0,8HU0,2HY0,4HX0"
"388","8HP0,11CZ0,4HN0,1BV0,7HU0"
"389","6FY0,11CP0,12CK0,14HV0,4FU0,6FY0,4FU0,7GH0,12CE0"
"390","6GK0,11CJ0,4GV0,12BZ0,1Z0"
"391","1U0,11CY0,7IM0,2HV0"
"392","6GX0,11CS0,4GU0,7GZ0,14IX0,2GX0"
"393","8HV1,4HZ1,1P1,7HU1"
"394","8GV0,11CK0,13AU0,6GU0,4HN0"
"395","8HM0,11CY0,5N0,13BH0,4HI0,7HL0,6HM0"
"396","11CQ0,1Y0,7HQ0,1T0"
"397","8HV0,11DF0,4IP0,12CV0,14KL0,7IN0,13AW0,6HY0,1BI0"
"398","8GR0,11CO0,7GW0,4HJ0,14GW0,1BV0,1BN0"
"399","2HI1,4HO1,3CZ1,13L1"
"400","11CM0,4GY0,7GW0,8GM0,14IQ0,12CG0,13AU0,2GO0,3CO1,4GY0,1BR0"
"401","8HP0,11DJ0,12CY0,4HX0,3HN0,3DL1,7HY0,11DE0,2HU0,1AY0,3EJ1"
"402","3DI0,4HU1,2HR1"
"403","6GM0,11CM0,13AQ0,1BD0,4GX0,1AQ0"
"404","4GP1,13AO1,3CO1,8FW1"
"405","8HT0,11CX0,4IM0,5F0,12CS0,6HW0"
"406","8HK0,11CS0,4HY0,12CL0,13BH0,1BX0,7HU0"
"407","1P0,12CI0,11CO0,3CV1"
"408","8GQ0,11CQ0,4HI0,14IP0,3CT1,7GM0,11CM0,13BN0,2GN0,3GI0,6GN0"
"409","6HU0,11DE0,4HZ0,12CQ0,7IJ0,13BF0"
"410","8HI0,11CT0,13BV0,12CN0,7HI0,1BX0,2HL0,3CV1,7HI0,7HI0"
"411","8HU0,4IL0,11CY0,12CT0,7HT0,6HV0"
"412","7JM1,6IU1,4JR1,1CH0,3GX0,1Y1"
"413","6GW0,11CU0,13BH0,12CN0,14IJ0,13B1,7GV0,7GV0"
"414","8FW0,11CI0,4GR0,1BK0,7GO0,13AM0"
"415","6HN0,4HS0,11CU0,3CZ1,12CR0,14JN0,13AP0,6HN0"
"416","7GY0,11CR0,2GZ0,9GV0"
"417","4IQ0,1S0,11CT0,12CM0,13CG0,7IM0"
"418","8IP0,11DK0,12CU0,13AN0,2IQ0,6IQ0"
"419","2HT1,6HQ1,1BS0,1AO1"
"420","8FW1,7FZ1,1Y1,5C1,1BJ1,1BO0,3DX1"
"421","8IU1,2IV1,1U1"
"422","4HW1,7HV1,7HV1"
"423","8HV0,11CU0,1U0,14JW0,4IK0,6HS0"
"424","11CV0,4HT0,1AK0,2HI0,8GW0,9GY0"
"425","7HI0,11CN0,14IQ0,1U0,13BR0,11BY0,4GX0,1R0"
"426","8HR0,11CV0,4HV0,7HT0,13AV0"
"427","11CO0,4HR0,7HU0,3GW0,12CK0,13BX0,7HU0,4HR0"
"428","11CM0,4HJ0,1AD0,14IW0,7HK0,8GS0,4HJ0,3DO1"
"429","8GJ0,11CM0,4GI0,11CJ0,1AZ0,13BF0,3FS0"
"430","8HT0,11DJ0,12CQ0,4IK0,13CF0,1AH0"
"431","8HJ0,11CX0,4HP0,14JK0,4HP0,2HI0,1CD0"
"432","8HP0,11CR0,7HZ0,13BZ0,12CL0,7HZ0,4HW0"
"433","11CM0,7HR0,12BZ0,13AT0,4HS0,1BC0,8GV0,2GZ0,4HS0,1AJ1"
"434","12CO1,12CQ0"
"435","8IN1,3EY0,1AE1"
"436","7HY1,1BU1,8HS1"
"437","8HO0,11CY0,4HY0,12CT0,13BC0,3HK0,7HQ0"
"438","8HS0,11CS0,7IO0,3DI1,6HV0,7IO0"
"439","6HQ0,4HY0,14JW0,7HY0,13BE0"
"440","8GY0,11CZ0,4HO0,13AZ0,12CR0,14JL0,7HI0,6HJ0,2HJ0"
"441","8HO0,11CZ0,12CQ0,7HV0,3DH1,13AV0"
"442","8GY0,11CU0,7HJ0,14IZ0,7HJ0,1AX0"
"443","8IO0,11DP0,4IN0,4IN0,12DF0,6IR0,7IV0"
"444","6GT0,11CM0,12CG0,13AS0,7GX0,3CQ1"
"445","11CR0,7GS0,4GW0,12CK0"
"446","11CO0,4GR0,13AD0,12CG0"
"447","8GM0,11CR0,7GV0,1BI0,1AC0"
"448","8HI0,11CU0,12CQ0,13BF0,4HP0,2HI0,7GZ0"
"449","8GV0,11CR0,2GW0,4HP0,7GT0"
"450","7HY0,11CY0,7HY0,13CE0,4HV0,8HK0,11CX0,6HM0,3GH1"
"451","8HX0,11CR0,4IL0,7IM0,13BK0,13BD0"
"452","11CP1,1BY0"
"453","8HJ0,11CU0,1AU0,12CP0,7HQ0"
"454","8IL0,7IL0,4IV0,11DL0,1BO0,12CN0,13BS0,4IV0"
"455","8HP0,11DE0,4HV0,12CS0,3HM0,7HS0,1BX0"
"456","6GZ0,11CN0,1AS0,3CQ1,4HS0,2HL0,13BT0,4HS0"
"457","8GK0,11CM0,7GK0,4GQ0,14IL0,13BK0,7GK0"
"458","8HL0,11CP0,4HS0,14JN0,7HI0,2HL0,13AR0"
"459","8HJ0,11CW0,4HV0,12CU0,14JM0,4HV0,13BG0,7HN0"
"460","8IU0,4IV0,11DJ0,2IV0,12CY0,4IV0,7IZ0,2IV0"
"461","8GV0,11CT0,4HR0,1BG0,4HR0"
"462","6HM0,11CY0,4HT0"
"463","4IV0,11CU0,7IY0,8IK0,1BS1"
"464","4HS0,11CS0,7GW0,8GV0,13BJ0,2GZ0,7GW0,1BR0,7GW0"
"465","6GZ0,11CL0,4HW0,12CI0,7HP0,3EL1"
"466","8GW0,11CY0,7HP0,3DF1,12CM0,13BD0"
"467","8GS0,5K0,11CM0,13BF0,4HI0,3CQ1,7GV0"
"468","8GZ0,11CX0,13AT0,4HT0,14JK0,3DE1,4HT0,3DV1"
"469","11CS0,4IM0,13AR0,1BH0,3CV1,14JU0,12CK0,4IM0,8HO0,7HS0,3FO0"
"470","8GS0,11CU0,4GZ0,7GP0,4GZ0"
"471","6GI0,11CM0,4GT0,12CH0,4GT0,3CO1,1BP0,2GM0"
"472","6GU0,11CS0,3GQ0,14IV0,2GV0,4GZ0"
"473","8GH0,11CH0,4GO0,7GJ0,8GH0,3FS0"
"474","8HK1,7HU1,3GT1,5D1,2HO1"
"475","6JR0,11DO0,4KN0,13BL0,2JV0,14MO0,9JV0,6JR0,7JU0"
"476","8HQ0,11DH0,14JV0,13CF0,2HT0,12CO0,11CW0,1AZ0,4IN0,7HQ0"
"477","7HT1,8HJ1,4HS1,1AD1,1BV0"
"478","11CM1"
"479","11CT1"
"480","6GS0,11CO0,4HP0,7GY0,3CS1,4HP0,7GY0"
"481","7HM1,6GT1,1AE1,3DY1"
"482","13BL1,3FZ1,8IM1"
"483","11CO0,8HJ0,7HQ0,7HQ0,1BN0,3CT1,13BN0,7HQ0"
"484","7HJ1,4HO1,6GZ1,1Y1,3EL1"
"485","8HU0,11DE0,12CR0,4IR0,13BC0,7HU0"
"486","4HN0,11CM0,1AI0,12CG0,11CJ0,7GX0,3CX1,9GY0,3FL0,3EN1"
"487","11DE0,13AX0,1AX0,2HY0,12CQ0,14JY0,4IN0,7IL0,3HP0,8HS0,7IL0,8HS0"
"488","6HX0,11CU0,13BG0,4HY0,7IN0,2IK0"
"489","8HN0,11DF0,4HX0,7HT0,12CP0,13BR0"
"490","7HT0,1AG0,8HL0,11DG0,14JR0,3HJ0,12CK0,2HP0,13BF0,7HT0"
"491","4HM1,6GZ1,1W1,13BV0,1BW0,3DQ1,1AG1"
"492","11DF1"
"493","5J0,11DE0,2HW0,1AP0,7IQ0,4HW0,13BT0"
"494","8GT0,11CQ0,14IW0,7HJ0,13CD0,12CO0,13BE0"
"495","8HP0,11CR0,7HR0,14JU0,4HW0"
"496","8HP0,11CW0,1AU0,11CQ0,7HT0"
"497","4HU0,11CM0,7HT0,13AY0,12CG0,2HJ0,8GX0,6GZ0,4HU0,3GP0,2HJ0,7HT0"
"498","8GV0,11CQ0,13AQ0,12CI0,4HK0,1BT0,4HK0"
"499","8GQ0,11CU0,7GS0,11CQ0,2GQ0,9GQ0,4HJ0"
"500","8HO0,11CT0,4HY0,7IK0"
"501","11BW0,1V0,4GJ0,2FR0,1P0,13BE0"
"502","8HJ0,11CQ0,13BF0,4HT0,3GT0,1BR0,7HO0"
"503","8IL0,11DK0,5L0,3DP1,14KO0,11CZ0,7IO0,2IK0,4HX0"
"504","1AF0,11CQ0,13AM0,14JM0,8GY0,7HR0,4HV0,2HI0,3DV1"
"505","8GK0,11CO0,4GS0,3CR1,7GN0,12BW0,7GN0"
"506","6GR0,11CQ0,4HK0,12CL0,6GR0,7GQ0,7GQ0,7GQ0"
"507","8HM0,11DF0,4IJ0,9HP0,8HM0"
"508","8GJ0,11CN0,13AW0,1BO0,4GQ0"
"509","6HK0,11CQ0,14JK0,4GX0,12CH0,3CT1,7GX0,7GX0"
"510","8HU0,11CZ0,7HW0,12CT0,4IJ0,1AX0,14JV0,13BG0,7HW0"
"511","2GW1,3GK1"
"512","8IR0,4IR0,13BC0"
"513","4GU0,11CQ0,1AE0,8GJ0,14IN0,7GQ0,2GN0,7GQ0"
"514","8IV0,11DK0,4JL0,12CW0,7JN0,4JL0,3DQ1"
"515","4HW0,11CV0,12CK0,7IM0,8HV0,4HW0,9HZ0,11CR0,7IM0"
"516","8GW0,11CQ0,1BI0,1AJ0,12CM0,13BQ0,6GZ0"
"517","8GJ1,4GS1,7GV1,1V1,1AN1"
"518","7HL1,6GV1,1AG1,1BU0,2GX1,4HQ1,1BT0,13AR1"
"519","8HJ0,11CV0,12CN0,10GX0"
"520","8HI1,7HS1,1V1,3GJ1,3GZ0"
"521","8HI0,11DE0,4HQ0,4HQ0,13BG0"
"522","11CT0,4HZ0,7HR0,1AS0,4HZ0,13BF0"
"523","8GS0,11CR0,12CK0,4GT0,3CT1,6GT0,2GS0,7GW0"
"524","6IQ0,11DH0,7IO0,14KT0,7IO0"
"525","8HV0,11CY0,13AU0,3DG1,12CS0,4IM0,7HV0,1BX0"
"526","6IJ0,11DE0,5I0,12CS0,7HZ0,1BM0,7HZ0"
"527","11CX0,4HV0,7HU0,14JQ0,2HO0,8HK0,12CM0,7HU0,4HV0"
"528","8IV0,11DS0,12DJ0,13BC0,4IT0"
"529","12CG1,12CI0,6GP1"
"530","8HJ0,11CQ0,12CJ0,4HS0,3CU1,7HS0,3FW0"
"531","8HQ1,7HP1,1S1,4HU1"
"532","8GM0,11CO0,4GP0,13BF0,3FG0,4GP0"
"533","8GX0,11CT0,4HN0,6HI0"
"534","4HT0,1X0,11CU0,7GZ0,8GW0,1V0"
"535","8GV1,7HP1,3DE0,4HO1,3CQ1,1AM1"
"536","11DN0,7IV0,8IS0,12DE0,1CD1,7IV0"
"537","11CR0,4HK0,1AB0,13AP0,2GV0,4HK0,8GR0"
"538","8IM0,11DE0,14KT0,1AY0,3DK1,13BI0,6IP0"
"539","6GT0,11CT0,4HM0,12CJ0,4HM0,2GT0"
"540","6HN0,11CQ0,7HK0,9HN0,4HY0"
"541","11CF0,6FY0,7GJ0,2FY0,4FV0,1AB0"
"542","12CK1,7GZ1"
"543","8GY0,11CO0,14JL0,7HP0,4HO0,7HP0,2HK0"
"544","4HQ1,7HZ1,6HP1"
"545","11DE1,4IK1"
"546","6GL0,11CQ0,13BU0,4GQ0,13BD0,7GI0"
"547","8HX0,11DL0,12CY0,4IO0,3DM1,13BE0,1CI0,13AW0"
"548","12CJ1,7HJ1"
"549","6HS0,11CR0,7IK0,6HS0"
"550","6IN0,11CW0,12CQ0,4IS0,13BG0,4IS0,14KR0,3ER1,1BJ0,3HM0"
"551","6HI0,11CL0,13AS0,7HR0,2HI0"
"552","8GW0,11CT0,4HQ0,7GU0,6GX0,4HQ0,13AX0"
"553","8GX0,11CR0,12CE0,4HJ0,14JK0,7HM0,6GW0"
"554","7HU0,8HM0,12CU0,11DI0,13CK0,14JS0,13AZ0,7HU0"
"555","8GI0,11CV0,12CM0,7GM0,4GO0"
"556","8GJ0,11CM0,4GQ0,13AR0,6GJ0,3FV0"
"557","4IJ1,1BE1,1BT0,3HM0,13BV0"
"558","8HO0,4HY0,11CQ0,14JT0,1V0"
"559","8GO0,11CN0,12CJ0,13AP0,12CD0,7GR0"
"560","8HM0,11CS0,7HR0,4HJ0,14JP0,3DH1,13BI0"
"561","8GL0,11CO0,12CI0,13BP0,4GW0,7GU0,3DJ1,3GH0,1BN0,4GW0"
"562","6HT0,11CU0,4IJ0,2HT0,7HS0"
"563","11CU0,1AB0,4HS0,3CV1,13BS0,1Y0,7HN0"
"564","8HV0,11CW0,13AZ0,4IK0,2HU0,1AZ0"
"565","6HZ0,11DF0,4IN0,13BQ0,12CT0,7IM0,13AU0"
"566","8JS0,11DF0,7JV0,3DW1,1AR0,7JV0"
"567","11CW0,1AE0,4HS0,7HV0,14JN0,8GZ0,4HS0"
"568","4HS0,11CV0,13AM0,2HN0,7HL0,7HL0"
"569","11CM0,7GY0,7GY0,1BW0,13BX0,3CX0"
"570","11CK1"
"571","6GX0,11CM0,7HN0,14IX0,4HK0,2GX0,4HK0,6GX0,3GO0,7HN0"
"572","8GS0,11CQ0,4GS0,4GS0,7GZ0,2GV0"
"573","8GZ0,4HJ0,7HM0,13BU0,14IZ0,4HJ0"
"574","7JN0,1Y0,8IP0,2IT0,14KX0,4IX0,7JN0"
"575","6GV0,11CK0,7GY0,13AU0"
"576","8GW0,11CP0,4HM0,7GY0,12CI0,9GV0,6GX0,3GR0,2GX0"
"577","8GL1,7GX1,3EF0,2GP1,3DP1"
"578","4HQ0,11CZ0,1AT0,2HL0,8GX0,4HQ0,14JL0,12CR0,7HR0,1AM0,3GS0"
"579","7HU1,6HS1,1Y1,1AH0"
"580","4HW1,8HN1,7HZ1,1BV0,8HN1,1AI1"
"581","8HS0,11CU0,14JU0,7HW0,14JU0,13AS0,7HW0"
"582","6HW0,11DF0,4HR0,12CS0,4HR0,6HW0,7HZ0"
"583","11CZ1,2HY1,3DT1"
"584","8HY1,4IL1,7HU1"
"585","11DH0,7HQ0,1BU1,2HT0,1CK0"
"586","6GP0,5P0,11CK0,13BL0,7GT0,1BT0,4GW0"
"587","6HI0,11DF0,13AX0,7HK0"
"588","11CT1"
"589","4HK0,7HU0,3GX0,11CO0,3FR1"
"590","4HN1,6GX1,7HN1,2HJ1,1BO0"
"591","8GW0,11CV0,4HO0,3CX1,9GZ0,1BV0"
"592","7IX0,11DN0,4JP0,13BM0,3GK1,3HQ0"
"593","6HU0,11DO0,4IO0,1CJ0,7HW0"
"594","11CS1,6GY1"
"595","1AB0,14IT0,7GS0,11CN0,13BG0,7GS0"
"596","5K1,6GZ1,3FQ0,1BM0,2GZ1"
"597","8GH0,11CD0,12BY0,14HY0,1W0"
"598","11CE0,4GP0,13AB0,7GH0,12BV0,7GH0"
"599","7HV1,6HK1,2HP1,4HR1"
"600","8GX0,11CO0,1AK0,4HR0,12CK0,13AW0"
"601","6GL0,11CQ0,12BX0,1AB0"
"602","5N1,6IK1,3DL1,7IS1,14KN1,8HZ1,1BR0"
"603","6GQ0,11CO0,13AY0,12CJ0,4HI0,6GQ0"
"604","8JP0,11DI0,4JX0,7JT0,4JX0,7JT0"
"605","6HO0,4HZ0,13BZ0,11DF0,3DH1,7HL0,4HZ0"
"606","7IK0,11CX0,1AV0,14KP0,4IS0,12CT0,7IK0,3GR0"
"607","7IW0,11DJ0,13BI0,4IY0,4IY0,13AW0"
"608","8GK1,7GR1,1AT1,3EY0,1BO0"
"609","4HO1,6HO1,7HS1,3GM1"
"610","8HJ0,11DK0,4HU0,13CH0,12CV0,4HU0,7HU0,7HU0"
"611","6GZ0,11CU0,6GZ0,13BF0,4HS0"
"612","8GQ0,5N0,11CQ0,6GT0,14IT0"
"613","8HJ0,11CS0,4HX0,7HU0,4HX0,9HM0"
"614","11CP1,1S1"
"615","1Y0,13CK0,14LN0,7JR0,13BN0"
"616","8GV1,9GX1,7GY1,1AN1"
"617","8HL0,4HQ0,13BY0,12CK0,7HR0,4HQ0,13BC0"
"618","8GP0,11CJ0,14IS0,5K0,11CH0,1BO0,4HL0,7GS0"
"619","8GV0,11CP0,4GT0,3CU1,14IW0,4GT0,13BY0,7GX0"
"620","7HS1,6HQ1,3FR0,1BT0,1Z1,1BM0"
"621","2HO1,3FP1,1O1"
"622","8GX0,11CU0,7HO0,13AO0,2GY0,4HN0"
"623","6GV0,4GT0,11CV0,14IV0,12CJ0,3DE1,1BS0,4GT0,6GV0"
"624","1AB0,11DK0,4JU0,7IW0,6IX0,7IW0"
"625","8GO0,11CP0,4GY0,13AY0,12CJ0,4GY0,7GQ0,1AX0"
"626","8FX0,11CR0,12CH0,4GO0,14HY0,7GH0,3FR0,13BM0,3CW1"
"627","6GS0,11CT0,12CP0,4GZ0,7GZ0,12CG0,9GS0,13BV0"
"628","14IZ1"
"629","8HR1,2HX1,7HU1,4IL1,1BP0,13AJ1,3ER1"
"630","8GV0,11CS0,4HO0,14IV0,1AR0,7GV0"
"631","8GS0,11CR0,14IT0,4GQ0,13BF0,7GQ0"
"632","8FU0,11CN0,4GL0,12CJ0,1BF0,4GL0"
"633","8IP0,11DI0,4IT0,2IM0,14KS0,7IU0,4IT0,12CZ0,3GS0,13X1"
"634","6FX0,11CM0,12CI0,4GM0,13AK0"
"635","8FV0,11CE0,13AS0,14HV0,1BK0,6FX0,13AM0,2FX0"
"636","11DF0,7HQ0,13AY0,14JR0,3DH1,4IJ0,8HL0,3DL1,7HQ0,7HQ0"
"637","8GR0,11CQ0,4HL0,4HL0,1BI0,2GS0"
"638","11CY0,4IM0,7HY0,3FY1,12CK0,7HY0"
"639","6HJ0,11CY0,4HU0,7HP0,13AZ0,1BW0"
"640","8GH0,11CJ0,12CH0,13AN0,6GK0"
"641","4HQ1,3FJ1,13R1,1BW0"
"642","4GW1,7GX1,6GM1,1Z1,3CQ1"
"643","8GY0,11CS0,4HM0,4HM0,12CO0,1AO0,11CP0,12CG0,2GZ0"
"644","6GY0,11CW0,4HN0,1Z0"
"645","8GJ0,11CI0,5M0,13BC0,12CF0,6GM0,1BP0,7GS0,6GM0,1Z0"
"646","8GP0,11CJ0,4GU0,12CF0,2GP0,1X0,13AJ0"
"647","6GQ0,11CT0,12CO0,14IQ0,13BG0,11CQ0,12CI0,1BH0,7GS0"
"648","11CP0,1Z0,7HK0,13BV0,3CR1,3GV0,1Y0,7HK0"
"649","11CS1"
"650","4HQ1,8HK1,6GZ1,6GZ1"
"651","11CU0,7HU0,1AZ0,8HM0,3HK0,13CF0,7HU0,4HO0"
"652","8IS0,11DK0,12CY0,7JN0,1CH0,4JQ0"
"653","4JL0,11DI0,13AS0,2IU0,8IQ0,13AQ0"
"654","8HR0,11DJ0,4HQ0,12CY0,1CK0,13AZ0,2HT0,14JV0,3DU1"
"655","1Y0,4HN0,11CU0,12CK0,14JK0,3EY1,4HN0,13BK0"
"656","6GZ0,11CP0,4HW0,14JN0,7HI0,4HW0,7HI0"
"657","7IV0,11CZ0,14KQ0,7IV0,3HT0,3DM1,8HZ0,12CO0,4IQ0,2IM0,7IV0"
"658","8IO0,11DG0,4IT0,8IO0,2IM0"
"659","6IN0,11CW0,4IT0,7IQ0,13AU0"
"660","1AF0,11CO0,14IT0,4HI0,7GW0,11CI0,7GW0,8GP0,1AE0"
"661","6HM0,11CT0,7HV0,11CP0,2HP0,13AZ0,7HV0"
"662","8HI0,11CR0,7HR0,12CL0,2HJ0,3GO0,7HR0"
"663","4HJ1,8GS1,7GW1,3DN1,1AZ0"
"664","8HX0,11CU0,12CO0,7IN0,4IQ0,3DF1,1BC0,13AT0"
"665","4IO0,11DE0,1AP0,13CF0,12CQ1"
"666","8GV0,11CO0,4HL0,1BV0,14IY0,13AW0,1BU0"
"667","8IP1,7IT1,3DR0,2IR1"
"668","11CL1,1BT0"
"669","8GL0,11CN0,12CG0,13AW0,6GI0,7GS0,1BP0,6GI0"
"670","8HL0,11CN0,13AT0,4HZ0,1BW0,7HS0,6HO0,7HS0"
"671","4GR0,11CN0,1Z0,13BT0,7GO0,3CW1"
"672","8HX0,11DE0,7IN0,2IJ0,7IN0"
"673","6GP0,11CK0,4HM0,7GQ0,13AQ0,7GQ0"
"674","1Q0,11CW0,2HL0,13BE0"
"675","8GU0,11CX0,4GZ0,13AV0,4GZ0"
"676","11CU0,7GX0,1AI0,8GU0,6GW0,2GY0,7GX0,4HR0"
"677","6GR0,11CP0,4HK0,12CL0,7GZ0"
"678","11CI0,4GR0,12BZ0,6GK1,2GP0,8GI0,1W1,7GS0,7GS0"
"679","8GZ0,11CN0,4HO0,12CK0,4HO0,7HL0"
"680","7HX1,6HM1,3FU1,1AF1"
"681","8GO0,11CM0,4HJ0,4HJ0,14IQ0,6GQ0,3DH1"
"682","11DG0,7HV0,7HV0,14JN0,12CS0,3DJ1,8GZ0,3ET1"
"683","11CN1"
"684","8HO0,11CW0,7HY0,4HT0,2HP0,3DK1,1BE0"
"685","6GZ0,11CM0,4GX0,4GX0,13BC0,7HJ0,13AN0,7HJ0"
"686","8GV1,4GZ1,1BK0"
"687","11CG1,1AG1"
"688","8IM0,11CV0,12CR0,4IY0,14KR0,7IK0,2IN0,7IK0"
"689","6HM0,11CO0,5K0,13BC0,12CK0,3CR1,14HW0,4HJ0,7HL0"
"690","11CD0,4FW0,13AG0,8FN0,2FU0,3CE1,14HP0"
"691","11CD1"
"692","6HN0,11CN0,13BD0,12CK0,6HN0,7HT0"
"693","11CJ0,4GO0,4GO0,2GU0,7GR0,9GS0"
"694","8IU0,11DF0,1BM0,4JL0,7JO0,13CE0"
"695","8HJ0,11CQ0,4HT0,13BI0,7HO0,7HO0"
"696","6IK0,11CW0,4IO0,7IJ0,13BE0"
"697","8IP1,7JN1,1BT1,13BR0,4JK1"
"698","8GX0,11CU0,2GY0,1BI0,4HN0,4HN0,1AN0,13M1"
"699","8GN1,7GJ1,1Z1,13BH0,4GT1"
"700","6GV0,11CM0,4HK0,7GW0,13BV0"
"701","8HJ0,11CP0,7HQ0,4HT0,12CG0,14JO0,3GU0,7HQ0"
"702","8GU1,1AL1,4HI1,1BS0"
"703","6GW0,11CR0,4HP0,14IT0,3CW1,3GS0,1BE0"
"704","4HZ1,3FM0,3DL1"
"705","4IT1,13BQ1,3HT1"
"706","6GT0,11CO0,4GO0,12CI0,4GO0,13BI0,3GM0"
"707","8JR0,11DV0,13BJ0,7JX0,2JW0"
"708","7IM0,11CS0,8HW0,6HT0,1AO0,7IM0,13T1"
"709","6HI0,11CX0,4HR0,7HU0,1BY0,2HO0,7HU0,9HM0"
"710","8GS0,4HK0,7GY0,2GV0"
"711","8GN0,11CJ0,7GR0,14IQ0,4HJ0,7GR0"
"712","6GR0,4GQ0,11CQ0,1AL0,12CN0,4GQ0,12BZ0,2GQ0"
"713","8GU0,11CK0,7GT0,4HJ0,3CQ1,7GT0"
"714","8IJ1,4IM1,1U1"
"715","8HQ0,11CW0,13AN0,7IK0,3HL0,4IJ0"
"716","8IL0,11DJ0,4IS0,12CV0,14KS0,7IX0,4IS0"
"717","8GU0,11CQ0,12CJ0,13AN0,4HN0,12CE0,1AN0"
"718","6GV1,4HK1,7HN1,3FP1,14IX1,2GX1,1AJ1"
"719","6FU0,11CN0,4GM0,2FU0,7GK0"
"720","8GW0,11CT0,4HL0,13BC0,12CJ0,7HK0,7HK0"
"721","4GT1,7GP1,3FG0,1U1"
"722","11CG0,4GW0,1AQ0,4GW0,3CX0,2GN0"
"723","9HP1,4HV1"
"724","6IT0,11DP0,12CY0,4JS0,7IU0"
"725","4HP0,11CT0,7HJ0,8GW0,14JK0,4HP0,2HK0"
"726","6GS0,4GQ0,11CR0,13BU0,1AM0,7GV0"
"727","7GS1,6GH1,4GN1"
"728","11CR0,7HV0,13AO0,8HI0,7HV0,3FO0,2HN0,3ES0"
"729","8FG0,11CD0,4FQ0,12BV0,7FR0,7FR0"
"730","3DF0,7HZ1,1AM1"
"731","8GQ0,11CH0,4HL0,7GW0,12CG0,1BC0"
"732","4HS0,11CT0,7HO0,13AV0,14JN0,8GZ0,7HO0,2HL0,4HS0"
"733","8GJ0,11CT0,13AU0,9GK0,4GT0"
"734","4HI1,7HJ1,1X1"
"735","12CN1,7HI1"
"736","6FS0,11CH0,7FV0,4FZ0,3CN1,7FV0"
"737","8HT0,11DI0,4IK0,7HY0"
"738","6GT0,11CN0,13AN0,7GU0,7GU0"
"739","8HK0,11CT0,4HR0,13BH0,14JM0,7GZ0"
"740","8HY0,11DI0,7IQ0,3DJ1,12CK0,13CH0,2HZ0,7IQ0"
"741","11CS1,3DM1,8HQ1"
"742","11CQ1,7HN1,7HN1"
"743","5G1,6GO1,1BS1"
"744","8GQ0,11CN0,14IR0,4GY0,3FR0,1BV0,7HJ0"
"745","8GX0,11CP0,13AZ0,12CL0,4HN0,3CZ1"
"746","8IO0,11DK0,4JM0,4JM0,7IR0"
"747","8ES0,11CK0,4FK0,9ET0,1AN0"
"748","8GQ0,11CO0,12CE0,14IR0,13BU0,11CI0,7GS0"
"749","8GO0,11CH0,7GR0,4GU0,14HN0,2GP0,4GU0,9GN0,7GR0"
"750","8GZ0,11CZ0,12CQ0,4HO0,3DH1"
"751","8HN1,4IL1,1AM1,7HQ1,2HR1,3EU1"
"752","7JQ0,11DM0,13CS0,2IW0,14LM0,8IS0,9IW0,3EM1,4JN0,3IL0,7JQ0,3HN0"
"753","8HK1,7HY1,13AZ1,9HO1,4HV1,3DJ1,14JQ1,3ET1"
"754","6GY0,11CL0,4HK0,6GY0,2GY0,4HK0"
"755","8HI0,11CM0,13BD0,4HT0,6HL0,3GW0,2HL0"
"756","8IK0,11CS0,4IP0,12CJ0,1AZ0,9IL0"
"757","6HN0,11CP0,12CF0,14JN0,4HS0,13BM0,7HI0,3DR1,13AS0"
"758","4GZ0,11CT0,1AH0,3GN0,14IS0,3CY1,8GO0,12CN0,9GS0,7GS0,5F0,7GS0"
"759","12CF1,7IM1"
"760","8GI0,11CQ0,7GP0,12CI0,11CJ0,8GI0"
"761","8HT0,11CW0,12CQ0,14JV0,13AW0,7HW0,7HW0"
"762","8HV0,11CU0,14KL0,4IS0,13BW0,1BD0,7HV0"
"763","8HN0,11CW0,13BE0,1AT0,4HT0"
"764","11CP1,1W1,2GT1,6GR1,1Z1"
"765","6GX0,11CV0,12CK0,14IX0,7GZ0,1BJ0"
"766","11CZ0,13AV0,4IU0,7IN0,8IJ0,3FU1,11CX0,2IP0,7IN0,3GR0"
"767","4JT0,7JP0,13AZ0,11CZ0,14LS0,2JM0,3IW0,3GJ0"
"768","8HI0,11CV0,7HI0,4HS0,12CO0,13AS0,1BL0"
"769","4HU1,6HL1,3FH1,14JR1,2HP1,7HV1,1AK1"
"770","6GK0,11CE0,12BZ0,7GK0,14IK0,13AY0,7GK0"
"771","8HV0,4IO0,11DG0,3DI1,7HZ0,3DK1,7HZ0"
"772","8HS0,11DE0,4HQ0,1AZ0,2HT0,13BP0"
"773","11CJ0,4GT0,1Z0,3FW0,2GI0,4GT0,7GH0"
"774","8HO1,7HY1,4IM1,1BO0"
"775","6IL0,11DF0,4IO0,7IP0,13BL0,4IO0,7IP0"
"776","11CP1,7GU1,4HK1,13BQ0"
"777","8GX0,11CN0,4HT0,4HT0,14JK0,2HI0,1BL0"
"778","8GX0,11DJ0,14JK0,4HP0,2GY0,11CX0,7HM0"
"779","4HZ1,8HQ1,7HU1,13V1,1AF1,2HU1,14JW1,13BZ0,13BF0"
"780","11CS0,7IZ0,13BC0,8IW0,2JK0,6IY0,1BJ0,7IZ0,3IS0,4JP0"
"781","6GO0,11CM0,2GO0,1AS0,13BH0,4GV0"
"782","4HY1,6HS1,1BW0,1AC1,9HQ1,2HQ1"
"783","6HK0,11CU0,12CR0,4HS0,7HL0,1AR0"
"784","11DF0,4HZ0,1BI0,7IJ0,14JU0,13BN0,8HO0,2HU0"
"785","8GK0,11CM0,4GS0,12CK0,7GT0,1BN0"
"786","4HJ1,1U1,14IV1"
"787","6HQ0,11DG0,4HX0,12CW0,13CN0,7IJ0,9HQ0"
"788","8HL0,11CO0,4HT0,14JO0,4HT0,7HJ0"
"789","8IO1,7IW1,4IZ1,1AL1,13AI1,3DF1,2IS1,8IO1"
"790","8FW0,11CN0,4GJ0,12CL0,14HV0,1AJ0,7GK0"
"791","13BS1,4HT1,2HO1,14JQ1"
"792","6HZ0,11CW0,7HW0,4HW0,14KM0,12CQ0,6HZ0,11CT0,2HZ0,7HW0"
"793","4GU0,11CL0,13BD0,8GJ0,7GO0,12CH0,2GN0,13AU0"
"794","11CK0,4GU0,4GU0,9GX0"
"795","11CN0,4GP0,1AI0,14HV0,12CJ0,13BX0,4GP0,7FX0,14HV0,1AC0"
"796","11CG0,7FT0,12BX0,14HO0,7FT0,9FQ0,14HO0,8FM0"
"797","6HL0,11CW0,2HL0,13BV0,4HW0,7HT0"
"798","8IR0,11DJ0,4IQ0,7IW0,13AM0,7IW0"
"799","8GZ0,11CO0,13AS0,3CV1,14JK0,12CJ0,7HQ0,1BS0"
"800","7IT1,1AE1,1AU0"
"801","8JR0,11DS0,12DE0,4JX0,13BD0,3DV1,14LY0,6JT0,7JY0,6JT0"
"802","3DP0,7HK1"
"803","8GU0,11CP0,4HO0,4HO0,13BM0,2GV0"
"804","11CN1"
"805","12CM1,4HT1,8HK1,3EF1"
"806","6GS0,11CR0,14IW0,7HI0,2GW0,12CG0,4GW0"
"807","8GU1,7GY1,1U1,2GY1,4HL1,14IY1,13BI1"
"808","8HT0,11CQ0,4IJ0,12CN0,14JV0,7HV0,1BT0"
"809","8GQ0,11CL0,4GU0,12CF0,7GN0,1AR0,7GN0"
"810","8JT1,7KS1,1AT0,1AH1,4KP1,3IW0"
"811","6HN0,11CV0,4HU0,11CR0,4HU0"
"812","8IK0,11CW0,12CP0,7IQ0,3DE1,6IJ0"
"813","14IZ1,7HN1"
"814","1V0,11CR0,14IT0,7GS0,7GS0"
"815","4GR1,8GI1,7GU1,3DR0,1I1,7GU1"
"816","8HW0,11CQ0,5O0,14JX0,7HU0,13BT0,4IP0,9HV0,2HV0,3CS1,1AT0"
"817","6GL0,11CK0,4GQ0,12BZ0,13AQ0,7GL0,1AV0"
"818","7IP0,11CT0,12CL0,13AU0,7IP0,4IO0,14KL0,1BR0,4IO0,3GJ1"
"819","6GO0,11CT0,4GW0,12CM0,4GW0,13BL0,2GS0,1BM0"
"820","8HO0,5O0,11CY0,1AN0,12CS0,14JT0,6HR0,13K1,13BP0"
"821","8HO0,11CT0,1AC0,4HR0,12CN0,7HK0"
"822","11CY1"
"823","4FY1,13AV1,7FP1"
"824","13AV0,11CX0,12CM0,4IW0,12CL0,7IU0,1BN0"
"825","6HZ0,11DK0,7IU0,2IM0,12CQ0,8IL0,6HZ0"
"826","8HO0,11CV0,4HU0,12CO0,7HP0,14JR0,6HP0,7HP0"
"827","4HL1,6GW1,7GY1,1V1,13AU1,14IY1,1BY0"
"828","11CS0,1Y0,4GR0,7GT0,12CN0,8FZ0,13BY0"
"829","4HM0,11CU0,4HM0,14JN0,7HP0"
"830","11CX0,7HT0,4HW0"
"831","8GZ0,11CV0,7HK0,4HP0,9HI0"
"832","6IW0,11DG0,7JO0,12CU0,3DW1,4JN0,6IW0"
"833","8GX0,11CZ0,13BC0,12CQ0,2HI0,4HP0,7HL0"
"834","6GP0,11CQ0,4HM0,7GW0"
"835","6GW0,11CU0,4HJ0,12CM0,14IW0,1AZ0,6GW0,7HK0"
"836","8HX0,11DH0,4IO0,7IJ0,2IJ0,4IO0"
"837","7JP0,11CZ0,13AR0,8IS0,14LM0,4JR0,7JP0,2IW0,1BH1,3IN0"
"838","8HN0,11CQ0,4HX0,13BP0,4HX0"
"839","8HO0,11CU0,13BD0,12CP0,1AM0,6HN0"
"840","11DF0,7HQ0,7HQ0,13CK0,2HR0,14JR0,4HL0"
"841","6GV0,11CS0,4HO0,1BM0"
"842","8HJ0,11CQ0,4HR0,7HS0,1BK0"
"843","11CR1,1BT0"
"844","8IL0,11DN0,4IS0,14JZ0,11DG0,7IQ0,13BS0,3FH1,7IQ0"
"845","2HL1,1BZ1"
"846","11CQ0,4HJ0,7GU0,8GQ0,12CO0,14IU0,13AQ0,12CL0,9GU0,3CZ1,3GJ0"
"847","6IJ0,11DI0,13AZ0,14KN0,11DE0,1AX0"
"848","8HY0,4IV0,11DK0,13BZ0,4IV0,7IS0,1CH0"
"849","6HP0,4IJ0,11CY0,7HZ0,4IJ0"
"850","4IL0,8IM0,11DE0,12CQ0,14JR0,3DJ1,3EX1"
"851","8HT0,11CR0,12CM0,1AN0,4IM0"
"852","1U0,11CM0,13BI0,7GH0,4GL0"
"853","4IN0,11CS0,12CM0,7IJ0,8HT0,1AP0,3CZ1,7IJ0,3FK1"
"854","7HL1,6HJ1,3DZ1,2HL1,4HT1,2HL1"
"855","6HU0,11DE0,4IO0,13AW0,4IO0,7IL0"
"856","8IQ0,11DG0,5M0,2IT0,3DN1,7IY0,1BJ0"
"857","8HX0,11DK0,4IQ0,14KN0,7IM0,6HW0,2IJ0"
"858","7IL0,11CZ0,7IL0,4IQ0,14KL0,14KL0,8HU0"
"859","8HZ0,11DO0,7HV0,6HW0,12CX0,4IO0,1X0"
"860","11CN1,8GY1,1T1,14JM1"
"861","13BZ1,2GQ1,1BV0"
"862","8HQ0,11CT0,12CP0,4IK0,6HT0,9HT0,7HZ0"
"863","5K1,6HK1,14JO1,2HM1,8HI1"
"864","11CK0,4GM0,13Z0,8FU0"
"865","4IJ1,7IM1,1Q1,1W0"
"866","8HP0,11CQ0,12CK0,13BH0,4HS0,1AF0"
"867","11CP0,7HS0,14JR0,3CQ1,1AI0,4HW0"
"868","2HV1,6HS1,1AD1,13T1,13BP0"
"869","8GU0,11DF0,12CS0,7HJ0,4HM0"
"870","7HV0,7HV0,13AV0,3GZ0"
"871","6GH0,11CL0,4GW0,7GL0,2GJ0,13BJ0,4GW0,7GL0"
"872","6HN0,11CZ0,12CS0,7HO0"
"873","12BX1,12BY0"
"874","8HT0,11CW0,3HO0,4IN0,14JV0,7HS0,3GW0"
"875","8HJ0,11CR0,4HU0,7HK0,7HK0"
"876","8HK1,7HP1,1AK1,1AT0,3CU1,2HM1"
"877","4HM1,6GU1,13AI1,1AE1,2GW1"
"878","8HQ0,11CR0,4HR0,13BH0,6HS0,9HO0,7HU0,6HS0"
"879","8GR0,11CS0,4GZ0,2GS0,12CG0,7GW0,6GS0,7GW0"
"880","11CX0,4IT0,12CK0,13AR0,7HZ0,2HZ0,11CV0,14KM0,3HM0,3DJ1,3GP0,4IT0"
"881","2GZ1,3GO1"
"882","8GV0,11CU0,12CJ0,7HQ0,4GU0,7HQ0"
"883","8IK1,4IT1,7IO1,13AO0,13O1"
"884","4HT1,6HO1,1Y1,14JS1,3FO0,13CJ0"
"885","11CM0,1X0,8GW0,12CG0,2HI0,7HO0"
"886","8GN0,11CJ0,4GX0,2GQ0,9GQ0,7GT0"
"887","11CW0,1AF0,12CQ0,7HL0,4HR0,1AE0,8HI0,4HR0"
"888","6GY0,11CV0,4GY0,12CM0,14JM0,2HK0,4GY0,7HK0,1AI0,3DF1"
"889","11CR0,7HL0,14IT0,12CK0,11CP0,2GT0,3CY0"
"890","6HV0,11CU0,13AT0,4IL0,4IL0"
"891","2HI1,3GN1"
"892","11CP0,7GT0,12CH0,13X0,14IU0,7GT0"
"893","14IM1,6HM1"
"894","8GX1,13AH0,1AG0,1S1"
"895","8GO0,11CN0,4GW0,7HI0,1BM0,2GR0"
"896","12CI1,4GZ1"
"897","7IJ0,12CQ0,11DK0,13AW0,1AM0,8HX0,14KO0,2IK0"
"898","8HI0,11CN0,4HP0,7HS0,4HP0"
"899","6GL0,11CZ0,4GW0,13BC0,14IL0,4GW0,2GL0,12CH0,7GT0"
"900","8HZ0,5J0,11CZ0,1U0,7IL0"
"901","5N1,8HS1,3ET1,12CY0,7IL1,1AK1"
"902","8HI0,13AW0,11CQ0,3CR1,12CJ0,4HS0,6HN0,12BY0"
"903","8HN0,11CY0,7HQ0,4HV0,1BW0,7HQ0"
"904","6HO0,4HV0,12CN0,13BE0,4HV0,3GZ0"
"905","8IX0,4JN0,12CU0,11CW0,14LQ0,2JK0,3EQ1,7IX0"
"906","8HV0,11CX0,13BH0,4IL0,14JX0,6HV0,7HW0"
"907","7IP1,6IK1"
"908","8GU0,11CP0,14IX0,4HJ0,7HJ0,3CU1,9GX0,7HJ0"
"909","8HL0,13BL0,12CN0,11CU0,3GT0,14JO0,7HL0"
"910","6HV0,4IP0,11CZ0,13BG0,4IP0"
"911","8GZ0,11CT0,7GY0,4HO0,14IZ0,12CN0,13BX0,1BC0,3GS0,3DH1"
"912","8HP0,11CV0,4IM0,13BH0,6HU0,7HY0,3HK0,8HP0"
"913","6IJ0,11DF0,4IO0,13AZ0,3DH1,12CQ0,6IJ0,3HI0"
"914","7IJ0,4IK0,12CO0,3GQ0,13AJ0"
"915","7HR0,13AT0,11CS0,2HU0,13AQ0,3HM0"
"916","8FW1,7FX1,13AV1,4GO1,1BQ0,1AB1,13BP0,13BD1"
"917","6GT0,11CP0,13BQ0,14IT0,1AG0,2GT0,6GT0"
"918","7GL1,8GH1,3DT0,1N1,9GL1,1W1"
"919","6GZ0,11DH0,14JN0,13BO0,2HL0,7HR0,14JN0,4HT0"
"920","5I1,13AR1,1S1,1BP0,8GR1,13BJ1"
"921","4HO0,11CM0,1AL0,7GY0,11CJ0,13AV0,7GY0,7GY0"
"922","11CR1,6GV1"
"923","8GZ0,11CQ0,7HM0,13CD0,4HT0"
"924","5Q1,1BR0,1X1,13CL0"
"925","8HN1,7HS1,11CH0,1AH0"
"926","8GT0,11DL0,7HI0,4GZ0,3FK0"
"927","8IS0,11DG0,4JK0,14KX0,7IX0,12CX0,7IX0"
"928","7IR0,11DF0,12CT0,7IR0,8IQ0,2IU0,13CK0,1AN1"
"929","6GX0,11CP0,7GZ0,14IW0,4HL0,12CM0,3GJ0"
"930","2FZ1,7FY1,6FW1,3DS1"
"931","11CU1"
"932","1Y0,11CR0,14HR0,13BW0,8GY0,4HV0,7HS0"
"933","6GW0,11CQ0,4HP0,7HL0,4HP0,3GO0"
"934","6HM0,11CS0,12CM0,4HQ0,13AV0,4HQ0"
"935","11CT1,7IS1,6IN1,13BF0"
"936","7IT1,6IL1,13AY1,1AM1"
"937","1AG0,11CZ0,13AX0,13AH0,4HR0"
"938","11CL0,4GT0,7GU0,4GT0"
"939","3CW0,1AC1"
"940","8GI0,11CK0,14HZ0,1BI0,4GP0,7GM0,2GI0"
"941","8HI0,11CY0,7HK0,4HS0,12CQ0,2HL0,7HK0"
"942","6GP0,11CT0,14HR0,7GO0,6GP0"
"943","4HL1,6GT1,7HJ1,3DX0"
"944","8GK0,11CR0,2GN0,9GN0,3FZ0,7GV0,1BM0,4GU0"
"945","4HK0,11CQ0,7GV0,13AW0,3CT1,13A1,8GN0,12CD0,3GJ0,9GR0"
"946","8HW0,11CZ0,4IM0,13AS0,7HZ0,4IM0,7HZ0"
"947","11CU0,4HZ0,7HW0,13CH0,1BU0,8HO0"
"948","8HI1,7HM1,1W1,3GU1,1AF1,7HM1"
"949","7HT0,8HX0,11CW0,4HS0,2HW0,13BP0,3GV0"
"950","8IM0,11CZ0,7IX0,3IJ0,6IO0,7IX0"
"951","8GU0,11CX0,4HJ0,3CY1,12CN0,7GU0,13AO0,3DO1"
"952","6GY0,11CT0,4HJ0,13BQ0"
"953","8HP0,11DF0,7IJ0,13AT0"
"954","8HR0,11CT0,7HY0,3CX1,2HU0,4IK0,4IK0,1BT0"
"955","6HK0,11DG0,6HK0,12CR0,7HO0,1AT0"
"956","8IS0,11DM0,4IZ0,11DI0,7IX0,13BT0"
"957","8GZ0,11CW0,4HR0,12CP0,2HK0,3GW0,7HO0"
"958","8GS0,4HM0,11CO0,7GW0,6GT0,4HM0"
"959","8GS0,11CN0,7GS0,13AZ0,7GS0"
"960","11CW1"
"961","6GR0,11CN0,4HK0,14IR0,1AN0,3CR1,9GR0,13AZ0"
"962","8IM0,11DJ0,7IS0,1CH0,2IM0"
"963","4HS0,11CV0,7HL0,1AG0,4HS0,13BM0"
"964","8HW0,11DG0,12CT0,13BK0,14KM0,4IT0,13E1,1V0,6HZ0"
"965","12CT1,6GX1"
"966","7IJ0,12CU0,11DG0,7IJ0,11CZ0,13BD0,4IN0,3GO0"
"967","14HK1,13BZ0"
"968","11CV1,7GT1,6GU1"
"969","13BN1,7IU1,1BC1,2IO1"
"970","8GR0,11CR0,12CL0,4HN0,14HS0,13AY0,3GK0"
"971","11DI0,1AG0,14JQ0,12CY0,8HK0,7HW0,2HO0,12CL0,4HT0,13BP0,4HT0"
"972","11CG0,1U0,14IN0,12BZ0,7GX0"
"973","8HR0,11DM0,4HY0,2HU0,12DF0,13BJ0,4HY0,6HQ0,8HR0"
"974","4HY1,6HO1,7HW1,3GS0"
"975","8IV1,13BD1,13BJ0,2IZ1,4JQ1"
"976","11CW0,13AT0,7HQ0,14JS0,2HS0,3FO1,3HK0,13AQ0"
"977","7HU0,14JT0,11DH0,12CS0,8HN0,13AT0,2HR0,3EZ0,2HR0"
"978","11CI0,7FY0,13AW0,13AK0,8FQ0"
"979","8HJ0,11CR0,4HM0,14JL0,13BE0,12CM0,7HN0,4HM0"
"980","13BY1,4HJ1"
"981","8HJ0,11CO0,7HO0,5H0,13AS0,3CU1"
"982","5K1,6HM1,1AF1,9HO1,2HO1"
"983","4HK0,11CL0,12CF0,13AY0,1AO0,2HM0,7HW0,6HK0,11CK0,7HW0"
"984","1Z0,11DH0,8HN0,7HR0,2HR0,3FO0"
"985","8HO0,11CX0,4HU0,7IJ0,2HR0,1BU0"
"986","8GY0,11CT0,1Y0,13BY0"
"987","12CG1,6GM1,3CR1,7GN1"
"988","8GV1,13BE1,7GY1,3ER1"
"989","5L1,1Y1,7HP1,1BP0"
"990","8HP0,11CU0,14JS0,1BC0,4HN0,4HN0"
"991","8HW0,11DH0,4IR0,1Y0,14JZ0"
"992","6HT0,11CX0,7IK0,2HT0,3FI0"
"993","8HV0,11CX0,4IK0,1T0"
"994","11CL0,4GY0,12CG0,6GP1,3CQ0,3CP1"
"995","4HN1,6GZ1,3FW0,1U1,14JL1"
"996","6GU0,11CU0,4GY0,14IT0,3DF1,7GZ0,2GT0"
"997","8HQ0,11DF0,12CS0,14JV0,4IJ0,7HT0,13BG0,2HR0"
"998","11CW0,7HX0,7HX0,13CH0,1CE0,4IM0"
"999","7HK1,3EF1,3FT0,11BZ0"
"1000","11CW0,7HW0,1AD0,4IT0,7HW0,4IT0"
